class,image_path,name,xmax,xmin,ymax,ymin
2.0,5b8120d69607a077b7583334be3ba18b.jpg,POTHOLES,1294.1711,1025.2288,788.21576,553.6084
2.0,5b8120d69607a077b7583334be3ba18b.jpg,POTHOLES,1499.4634,1147.3135,1067.607,725.19507
2.0,dfd51a42c03dc458daf2fbe071efee9d.jpg,POTHOLES,984.86835,860.0492,654.9837,465.82837
4.0,443a50c860568eb0e6188525400f1736.jpg,CONSTRUCTION_ROAD,815.1616,288.50986,534.2967,336.93338
4.0,443a50c860568eb0e6188525400f1736.jpg,CONSTRUCTION_ROAD,469.7145,1.732544,605.7313,284.9603
3.0,006e04a34f54d116f6aff2bb31cb320c.jpg,GARBAGE,896.3932,741.182,702.82904,612.9607
0.0,006e04a34f54d116f6aff2bb31cb320c.jpg,GRAFFITI,322.53204,162.90717,525.4724,426.656
4.0,7d9c1bcb917c1302ffa853cd62e887f3.jpg,CONSTRUCTION_ROAD,504.5185,3.714981,580.9151,247.57993
4.0,7d9c1bcb917c1302ffa853cd62e887f3.jpg,CONSTRUCTION_ROAD,696.4246,299.19418,507.7576,289.07327
4.0,7d9c1bcb917c1302ffa853cd62e887f3.jpg,CONSTRUCTION_ROAD,772.8858,503.4705,466.61572,311.64944
4.0,7d9c1bcb917c1302ffa853cd62e887f3.jpg,CONSTRUCTION_ROAD,849.69073,634.4043,447.03662,329.84454
4.0,4f414b816a87f471d7bc19ef0703a310.jpg,CONSTRUCTION_ROAD,440.83936,0.0,622.0918,321.96564
4.0,4f414b816a87f471d7bc19ef0703a310.jpg,CONSTRUCTION_ROAD,700.74817,270.69577,527.048,334.56393
4.0,4f414b816a87f471d7bc19ef0703a310.jpg,CONSTRUCTION_ROAD,1014.2415,764.653,461.74603,318.75174
4.0,54b2d34de7eb4a2521e411af9127a322.jpg,CONSTRUCTION_ROAD,1920.0,1278.3845,817.5196,194.43787
4.0,54b2d34de7eb4a2521e411af9127a322.jpg,CONSTRUCTION_ROAD,481.20932,0.025245667,737.45416,177.1866
4.0,54b2d34de7eb4a2521e411af9127a322.jpg,CONSTRUCTION_ROAD,1744.7794,847.37976,778.9794,244.13177
4.0,54b2d34de7eb4a2521e411af9127a322.jpg,CONSTRUCTION_ROAD,1220.6594,225.39679,769.5899,190.95296
4.0,dd1b771e20965f1743af4a6ce0b1fd0a.jpg,CONSTRUCTION_ROAD,470.51413,2.3491745,640.46857,232.93002
4.0,dd1b771e20965f1743af4a6ce0b1fd0a.jpg,CONSTRUCTION_ROAD,794.14343,373.1798,518.0757,289.95566
4.0,dd1b771e20965f1743af4a6ce0b1fd0a.jpg,CONSTRUCTION_ROAD,640.43726,239.69028,554.82635,266.2417
4.0,d99df1a817fb1a173a4698745836c4fc.jpg,CONSTRUCTION_ROAD,1461.2091,1223.572,371.55963,227.41003
3.0,179ad005c5cec2a44b6eaf2a4dac3c39.jpg,GARBAGE,1003.7751,893.76843,457.7628,381.1401
0.0,321fc3bfa2f991ffbb8cedb947c63dab.jpg,GRAFFITI,820.7742,321.05554,365.12048,81.3973
3.0,055f975c73af31b07d8a86bb7a64fd84.jpg,GARBAGE,322.89578,169.11801,664.49396,557.0109
4.0,0ba2a22e1f8aa653476ce5f957a85310.jpg,CONSTRUCTION_ROAD,415.39993,0.0,747.8612,227.62363
4.0,0ba2a22e1f8aa653476ce5f957a85310.jpg,CONSTRUCTION_ROAD,1450.4965,907.7534,586.102,219.43011
4.0,0ba2a22e1f8aa653476ce5f957a85310.jpg,CONSTRUCTION_ROAD,1914.3274,1111.2338,678.94855,112.26217
4.0,cd6ad05e61ee246342826bf2c735029f.jpg,CONSTRUCTION_ROAD,490.8514,0.0,768.5536,216.74734
4.0,cd6ad05e61ee246342826bf2c735029f.jpg,CONSTRUCTION_ROAD,1920.0,1237.7195,791.72974,180.99742
3.0,dd6b7ec17090ad2a9257f3247044a75a.jpg,GARBAGE,1236.0399,1105.4355,783.5343,684.45465
2.0,ae6e5e43aff48be9afcabefb18d33144.jpg,POTHOLES,1027.5109,817.2602,683.26996,496.23596
2.0,829b5bd750a7592dcb416438f1a47a6a.jpg,POTHOLES,1037.0925,818.33594,740.27405,488.11334
2.0,829b5bd750a7592dcb416438f1a47a6a.jpg,POTHOLES,951.5851,739.7104,673.1054,447.38864
4.0,07217b23cec3bd4ef0538c91a810904a.jpg,CONSTRUCTION_ROAD,1920.0,1231.4564,876.74457,128.80583
3.0,bb2054de41fe66067caf40ffe248a37d.jpg,GARBAGE,1790.6947,1633.8612,407.34924,319.957
3.0,dcd8114acddf64512fc232cf6225a215.jpg,GARBAGE,1339.5627,1225.9266,737.8858,643.7329
4.0,e90f010b15482ee778a4069468482b9b.jpg,CONSTRUCTION_ROAD,475.10068,2.126175,642.6204,178.07127
4.0,e90f010b15482ee778a4069468482b9b.jpg,CONSTRUCTION_ROAD,1920.0,1442.2388,662.60406,291.65363
4.0,e90f010b15482ee778a4069468482b9b.jpg,CONSTRUCTION_ROAD,686.35095,189.24748,559.4846,249.37088
4.0,e90f010b15482ee778a4069468482b9b.jpg,CONSTRUCTION_ROAD,865.61975,600.72845,464.97858,305.68137
4.0,e90f010b15482ee778a4069468482b9b.jpg,CONSTRUCTION_ROAD,784.75305,372.65378,508.92654,288.79614
4.0,9d06509575378d043166fcb536f7bb9f.jpg,CONSTRUCTION_ROAD,873.3485,560.0092,534.4905,279.34262
3.0,292556f35373cfe83551c1a5102bd4a5.jpg,GARBAGE,194.54306,74.73225,599.9829,509.4735
4.0,db2b1b377c2e4937ba95d2db8b5564c9.jpg,CONSTRUCTION_ROAD,1920.0,1478.6378,661.2899,296.63657
4.0,db2b1b377c2e4937ba95d2db8b5564c9.jpg,CONSTRUCTION_ROAD,427.06824,10.984657,512.2629,296.33624
4.0,72a315be9cd2661d1d38ce43470bff45.jpg,CONSTRUCTION_ROAD,1920.0,1215.5295,809.86694,201.22614
4.0,dbff9fd3827b430baa0ef9214d78080e.jpg,CONSTRUCTION_ROAD,1369.031,1007.7682,534.0312,322.1824
4.0,dbff9fd3827b430baa0ef9214d78080e.jpg,CONSTRUCTION_ROAD,757.92975,519.10913,493.58084,315.19772
4.0,4cdbe388736e18644fbfcd5de252a8e2.jpg,CONSTRUCTION_ROAD,649.34436,4.2490997,577.00854,274.9162
4.0,4cdbe388736e18644fbfcd5de252a8e2.jpg,CONSTRUCTION_ROAD,1920.0,1450.9058,558.4143,265.9187
4.0,4cdbe388736e18644fbfcd5de252a8e2.jpg,CONSTRUCTION_ROAD,1747.5657,1052.773,557.7239,265.36118
4.0,4cdbe388736e18644fbfcd5de252a8e2.jpg,CONSTRUCTION_ROAD,1250.8817,568.6907,555.41425,290.74622
4.0,64f70c7bedae38c5595b0c7d8e3198f6.jpg,CONSTRUCTION_ROAD,1915.1389,1071.2367,791.79803,135.63643
4.0,64f70c7bedae38c5595b0c7d8e3198f6.jpg,CONSTRUCTION_ROAD,657.40015,0.0,824.5673,172.41968
2.0,0f69f4b3c6e1bd19b3498f62b05e5726.jpg,POTHOLES,1322.6365,1012.2193,1080.0,651.4825
2.0,0f69f4b3c6e1bd19b3498f62b05e5726.jpg,POTHOLES,1315.8287,1087.1897,894.4232,560.0637
3.0,cf2ba44617ad634474bbbd0d1c8d734d.jpg,GARBAGE,1376.6525,1257.7754,649.39984,557.9659
3.0,cf2ba44617ad634474bbbd0d1c8d734d.jpg,GARBAGE,1177.9094,1055.4589,644.1847,548.7367
3.0,cf2ba44617ad634474bbbd0d1c8d734d.jpg,GARBAGE,1583.5598,1483.957,644.51935,565.0045
3.0,cf2ba44617ad634474bbbd0d1c8d734d.jpg,GARBAGE,1814.0251,1710.5929,648.9672,565.21844
3.0,cf2ba44617ad634474bbbd0d1c8d734d.jpg,GARBAGE,1275.5143,1165.205,642.3032,554.196
3.0,cf2ba44617ad634474bbbd0d1c8d734d.jpg,GARBAGE,1914.8365,1817.0447,652.41846,567.6952
3.0,cf2ba44617ad634474bbbd0d1c8d734d.jpg,GARBAGE,1482.5742,1380.4954,641.0768,562.47253
3.0,cf2ba44617ad634474bbbd0d1c8d734d.jpg,GARBAGE,1700.7375,1586.7537,650.70197,554.3182
4.0,ce15b4b522cffe70d5816fdf5943c78e.jpg,CONSTRUCTION_ROAD,1918.5981,1397.5247,749.80316,347.6628
4.0,ce15b4b522cffe70d5816fdf5943c78e.jpg,CONSTRUCTION_ROAD,1741.3881,1025.3148,734.4998,347.5259
4.0,ce15b4b522cffe70d5816fdf5943c78e.jpg,CONSTRUCTION_ROAD,632.6329,0.0,663.5021,122.454254
3.0,29f2b4766c70dd9c7e4e4a5f015641e0.jpg,GARBAGE,1736.9905,1654.9622,395.15692,338.6065
3.0,844adca64c13485e7310bbc7b1695971.jpg,GARBAGE,1202.2233,820.27686,241.57228,106.14368
3.0,85639459807c5638513a56b7bf6713c5.jpg,GARBAGE,760.6099,625.28284,662.7516,572.5573
4.0,07ab12aabf47cf31fc4ba7cc9b599ac0.jpg,CONSTRUCTION_ROAD,1918.3649,1254.3505,772.7461,191.69843
4.0,07ab12aabf47cf31fc4ba7cc9b599ac0.jpg,CONSTRUCTION_ROAD,691.15393,2.3411407,717.4796,187.01451
4.0,07ab12aabf47cf31fc4ba7cc9b599ac0.jpg,CONSTRUCTION_ROAD,1306.2605,335.81592,738.71246,200.24437
4.0,07ab12aabf47cf31fc4ba7cc9b599ac0.jpg,CONSTRUCTION_ROAD,326.79065,0.0,708.89545,137.62012
4.0,7a3d2416b3795577a590c2740d184b34.jpg,CONSTRUCTION_ROAD,1756.3784,835.0782,811.5425,209.70027
4.0,7a3d2416b3795577a590c2740d184b34.jpg,CONSTRUCTION_ROAD,1097.3867,502.09113,559.3087,308.379
4.0,7a3d2416b3795577a590c2740d184b34.jpg,CONSTRUCTION_ROAD,1919.2227,1287.2155,800.628,198.03421
7.0,7a3d2416b3795577a590c2740d184b34.jpg,BAD_BILLBOARD,1752.3413,797.0428,537.6739,76.35004
4.0,a7a0068a7b1249cda6da4fd066494f29.jpg,CONSTRUCTION_ROAD,1711.8329,1376.1156,540.1406,220.14052
4.0,89ac50a6e1bd88a78002eebc49522821.jpg,CONSTRUCTION_ROAD,660.08496,0.0,626.7601,250.5233
4.0,89ac50a6e1bd88a78002eebc49522821.jpg,CONSTRUCTION_ROAD,322.2812,0.0,678.6327,183.47641
2.0,5fd490035bc58eeab0a7b732fdf76bfd.jpg,POTHOLES,857.13684,628.036,761.13776,536.5763
4.0,c8567e24bd5c0a9734ce69b6c8ce66ad.jpg,CONSTRUCTION_ROAD,767.3963,470.50482,521.849,360.94757
2.0,ee135225ef9406ad5210e5dba9446b60.jpg,POTHOLES,776.4861,451.75955,831.25055,647.3967
3.0,e05ced9a08868bf400d7a6851e1184ea.jpg,GARBAGE,1702.901,1482.561,401.55838,236.19809
3.0,7bef9ac381b556a961e45df1df6ae1ac.jpg,GARBAGE,576.6002,427.74988,728.0707,623.0385
4.0,8b84e05d2d6532cfb593357a9b422bff.jpg,CONSTRUCTION_ROAD,1918.3295,1436.7654,517.0399,262.22192
4.0,8b84e05d2d6532cfb593357a9b422bff.jpg,CONSTRUCTION_ROAD,499.6896,0.0,521.53204,254.31427
4.0,8b84e05d2d6532cfb593357a9b422bff.jpg,CONSTRUCTION_ROAD,1056.4431,384.1647,523.2174,232.09474
4.0,8b84e05d2d6532cfb593357a9b422bff.jpg,CONSTRUCTION_ROAD,1398.7585,812.56476,517.73016,230.74466
4.0,8b84e05d2d6532cfb593357a9b422bff.jpg,CONSTRUCTION_ROAD,1686.694,1078.2816,513.1836,264.59622
3.0,78a6e8ef17c742dfb279d12956cfcbc2.jpg,GARBAGE,1760.8154,1611.2622,567.731,490.09488
4.0,e296299575088e9ec8f78bf20ad96fe5.jpg,CONSTRUCTION_ROAD,1918.0862,1647.7643,475.8537,259.53125
2.0,6e4f5f05c3e16e758b3ccb2684ceff77.jpg,POTHOLES,1110.9236,825.71045,991.33856,547.1778
4.0,d9cc3c9acb100a8d09ee453cb6ff36a3.jpg,CONSTRUCTION_ROAD,594.7171,16.518562,626.3627,411.2806
3.0,1e5bfb76ed408aa0794213e46c573541.jpg,GARBAGE,1748.7587,1674.0839,589.0574,530.49274
3.0,26574919ee4a701f9f2f4e56bd6f8873.jpg,GARBAGE,1245.3224,1033.6825,931.2609,780.81506
4.0,26574919ee4a701f9f2f4e56bd6f8873.jpg,CONSTRUCTION_ROAD,1722.6575,1384.4313,629.33777,430.2681
4.0,26574919ee4a701f9f2f4e56bd6f8873.jpg,CONSTRUCTION_ROAD,1482.7086,1209.0754,597.0191,409.9648
4.0,d56476c16d9f25aa0742e733743ab902.jpg,CONSTRUCTION_ROAD,439.18094,0.0,772.65607,142.42648
4.0,d56476c16d9f25aa0742e733743ab902.jpg,CONSTRUCTION_ROAD,782.48694,357.55014,549.3514,267.9369
2.0,3a76e8346cb6b3de4dbc42357b16d9c7.jpg,POTHOLES,992.807,853.0234,652.7852,441.32843
4.0,bac670721e47dbca1a74864b3c9488e0.jpg,CONSTRUCTION_ROAD,448.06677,0.0,715.05255,415.53506
4.0,bac670721e47dbca1a74864b3c9488e0.jpg,CONSTRUCTION_ROAD,765.6643,96.44016,696.022,441.6525
4.0,bac670721e47dbca1a74864b3c9488e0.jpg,CONSTRUCTION_ROAD,1920.0,1422.4055,700.45807,404.50006
4.0,bac670721e47dbca1a74864b3c9488e0.jpg,CONSTRUCTION_ROAD,1681.7062,1072.6307,682.9413,393.39578
3.0,27fc7d8f8b14e7cf6b8a600c9ba84930.jpg,GARBAGE,948.8701,861.8218,496.65353,414.606
4.0,1b77abbde02fcef0c104fa5eee29155d.jpg,CONSTRUCTION_ROAD,407.23874,0.0,603.8613,212.04808
4.0,1b77abbde02fcef0c104fa5eee29155d.jpg,CONSTRUCTION_ROAD,657.8861,204.10172,527.103,291.87177
2.0,9c29ae59cb19392ae2bf9e91d89cda5e.jpg,POTHOLES,1119.6398,936.46844,743.8149,504.9163
2.0,9c29ae59cb19392ae2bf9e91d89cda5e.jpg,POTHOLES,1063.7373,898.75323,626.58264,431.60397
2.0,9c29ae59cb19392ae2bf9e91d89cda5e.jpg,POTHOLES,668.32715,391.52417,780.10144,518.6054
0.0,bc3dd868389a8118979de1a4d03ce47a.jpg,GRAFFITI,239.65842,0.0,492.92966,274.56238
5.0,4214f9a9854acf0ec6d65b4f9a05cf92.jpg,BROKEN_SIGNAGE,1080.6848,886.8157,826.7026,496.81155
3.0,4214f9a9854acf0ec6d65b4f9a05cf92.jpg,GARBAGE,1333.731,1140.5748,1000.0434,865.4783
3.0,4214f9a9854acf0ec6d65b4f9a05cf92.jpg,GARBAGE,1225.8264,1096.3295,814.96857,726.126
2.0,4214f9a9854acf0ec6d65b4f9a05cf92.jpg,POTHOLES,1006.44745,726.49457,1080.0,782.25885
4.0,03eab36eff5829fe7c8fcc12ef0db6fe.jpg,CONSTRUCTION_ROAD,599.57825,16.851608,578.8298,271.74875
4.0,03eab36eff5829fe7c8fcc12ef0db6fe.jpg,CONSTRUCTION_ROAD,1919.2703,1494.1487,582.4929,333.70755
4.0,03eab36eff5829fe7c8fcc12ef0db6fe.jpg,CONSTRUCTION_ROAD,257.08807,0.36663437,597.2957,276.3559
3.0,1e821bc00f2333f479d9c268161e8386.jpg,GARBAGE,722.81793,575.09155,590.6492,492.92386
2.0,dbfc319364fdc777df4e97e1a6e0d4a6.jpg,POTHOLES,923.11914,757.0465,785.9944,462.2567
4.0,997ce1ea7dd7f0b92954bf14ba38e9ff.jpg,CONSTRUCTION_ROAD,817.9633,585.34406,450.17267,288.91745
4.0,997ce1ea7dd7f0b92954bf14ba38e9ff.jpg,CONSTRUCTION_ROAD,854.6606,681.59735,425.40903,317.54532
4.0,997ce1ea7dd7f0b92954bf14ba38e9ff.jpg,CONSTRUCTION_ROAD,783.4957,445.39355,480.40173,267.34158
3.0,e205368e71a4e94e1e3d41109cf2c6b0.jpg,GARBAGE,578.0148,439.80826,882.4714,787.64435
3.0,d91a8610508fdf9434bfed1b68299b9b.jpg,GARBAGE,1141.0594,961.255,477.6515,365.70758
2.0,d91a8610508fdf9434bfed1b68299b9b.jpg,POTHOLES,834.6557,494.07068,796.138,493.98862
3.0,c5166084f640adf6ccb00355127ad358.jpg,GARBAGE,590.207,498.5104,679.1627,604.2345
2.0,7d469f5e480b239d6070e78d179c3e1a.jpg,POTHOLES,501.6996,64.57118,1029.4675,723.031
2.0,7d469f5e480b239d6070e78d179c3e1a.jpg,POTHOLES,1631.8118,1216.6572,1080.0,770.5648
2.0,7d469f5e480b239d6070e78d179c3e1a.jpg,POTHOLES,336.85858,1.2998543,1080.0,837.9126
4.0,1ba11a60213e9867c14205b91e1d115f.jpg,CONSTRUCTION_ROAD,1917.5468,1416.2142,560.949,239.56146
4.0,1ba11a60213e9867c14205b91e1d115f.jpg,CONSTRUCTION_ROAD,724.24274,156.37643,643.64264,286.8254
4.0,1ba11a60213e9867c14205b91e1d115f.jpg,CONSTRUCTION_ROAD,476.78247,4.8204575,743.22754,268.8782
4.0,8b2c77725e46f1fc311225138275db82.jpg,CONSTRUCTION_ROAD,860.1663,407.05225,540.68243,277.34033
4.0,8b2c77725e46f1fc311225138275db82.jpg,CONSTRUCTION_ROAD,696.3822,113.27039,598.0214,250.27997
4.0,745eddd22581b5aa8aa0e5cd1f3e05b2.jpg,CONSTRUCTION_ROAD,1920.0,1248.2739,803.0975,220.04695
4.0,745eddd22581b5aa8aa0e5cd1f3e05b2.jpg,CONSTRUCTION_ROAD,685.0522,4.561157,740.08435,111.41421
4.0,745eddd22581b5aa8aa0e5cd1f3e05b2.jpg,CONSTRUCTION_ROAD,1684.5353,719.98895,776.79297,212.47725
2.0,c6de04a65fa6782b2478e6640584303b.jpg,POTHOLES,1105.6501,870.625,704.4386,409.8895
2.0,c6de04a65fa6782b2478e6640584303b.jpg,POTHOLES,1213.0991,955.25775,906.5839,535.9127
2.0,c6de04a65fa6782b2478e6640584303b.jpg,POTHOLES,1323.6702,1036.3606,1080.0,706.0699
4.0,42a8b92dec1df1bab652cf4d54d7e11d.jpg,CONSTRUCTION_ROAD,491.49673,184.20078,380.72772,233.50177
3.0,3b147798c470499ea069ea1229aab29b.jpg,GARBAGE,1661.9736,1489.2389,942.5841,819.3649
4.0,71f9e3168cd6f4c133fbf1009b32b069.jpg,CONSTRUCTION_ROAD,427.3937,0.0,623.44855,208.5435
4.0,71f9e3168cd6f4c133fbf1009b32b069.jpg,CONSTRUCTION_ROAD,693.8806,166.31325,562.0894,258.4263
4.0,71f9e3168cd6f4c133fbf1009b32b069.jpg,CONSTRUCTION_ROAD,814.16895,354.2325,517.2132,277.32104
2.0,426aa6f9270f8ebf45b31081a80d6058.jpg,POTHOLES,1024.7168,843.82623,779.0523,440.45306
3.0,4a366ebe609e75147f2e6e94ae4d634e.jpg,GARBAGE,335.99744,207.07458,668.15625,569.9743
3.0,4a366ebe609e75147f2e6e94ae4d634e.jpg,GARBAGE,929.4232,792.0705,733.1542,627.96313
3.0,4a366ebe609e75147f2e6e94ae4d634e.jpg,GARBAGE,824.9173,657.3769,816.0178,681.67444
3.0,4a366ebe609e75147f2e6e94ae4d634e.jpg,GARBAGE,162.55324,16.90701,710.38025,604.2926
3.0,4a366ebe609e75147f2e6e94ae4d634e.jpg,GARBAGE,1079.8213,969.4065,645.0274,560.7416
3.0,4a366ebe609e75147f2e6e94ae4d634e.jpg,GARBAGE,472.1273,363.18976,631.0878,546.1109
4.0,4a366ebe609e75147f2e6e94ae4d634e.jpg,CONSTRUCTION_ROAD,1508.636,1332.3312,418.87686,277.20734
2.0,14f1c094c98e7fb58d7d32ab77cd92c5.jpg,POTHOLES,1087.8406,837.24066,948.744,628.9037
2.0,14f1c094c98e7fb58d7d32ab77cd92c5.jpg,POTHOLES,1904.594,1459.4265,1080.0,788.5765
4.0,2184dd94e5bafd1cd07bc6628d4b316e.jpg,CONSTRUCTION_ROAD,532.29297,161.67828,422.53732,254.57103
4.0,2184dd94e5bafd1cd07bc6628d4b316e.jpg,CONSTRUCTION_ROAD,273.8206,0.468544,413.752,265.00867
0.0,d983beeceb485dcc7d3782b7d4cb5a54.jpg,GRAFFITI,458.96103,235.01134,378.0913,219.61191
0.0,d983beeceb485dcc7d3782b7d4cb5a54.jpg,GRAFFITI,616.3775,393.02124,382.0122,229.54958
4.0,9f35922cfc04ec5afe344477a1866d8d.jpg,CONSTRUCTION_ROAD,1920.0,1245.6248,1080.0,236.05399
4.0,a4022e05023a8c4469cae024e4a77957.jpg,CONSTRUCTION_ROAD,1876.3495,1130.9188,588.53107,264.44147
4.0,a4022e05023a8c4469cae024e4a77957.jpg,CONSTRUCTION_ROAD,488.9848,0.0,604.4943,311.21237
4.0,a4022e05023a8c4469cae024e4a77957.jpg,CONSTRUCTION_ROAD,1131.6606,494.36334,612.1223,230.97876
3.0,fa6b84f67c3d702eac9296e47e7a0670.jpg,GARBAGE,286.2274,11.24287,910.2424,738.893
3.0,575868c747ca75b66669888825b0ce50.jpg,GARBAGE,907.6218,799.61707,697.5472,604.51666
3.0,575868c747ca75b66669888825b0ce50.jpg,GARBAGE,1843.9264,1723.4225,710.6999,619.1978
3.0,575868c747ca75b66669888825b0ce50.jpg,GARBAGE,1702.9637,1561.3287,720.94025,612.26337
3.0,575868c747ca75b66669888825b0ce50.jpg,GARBAGE,772.44366,659.6961,694.1262,601.536
5.0,3d06fb4d951578a2552a2324740a5467.jpg,BROKEN_SIGNAGE,1083.2506,909.893,814.4363,514.55396
2.0,3d06fb4d951578a2552a2324740a5467.jpg,POTHOLES,1066.5742,792.41956,1080.0,749.677
2.0,3d06fb4d951578a2552a2324740a5467.jpg,POTHOLES,1043.588,852.2073,961.4394,648.7943
5.0,fa13a3a6a7c218664b3692c5b7f05d48.jpg,BROKEN_SIGNAGE,1112.9945,980.57434,531.83844,316.8114
4.0,d25170bb98da70c02a75fb92f7244c0e.jpg,CONSTRUCTION_ROAD,678.19305,0.0,831.5503,150.03699
4.0,d25170bb98da70c02a75fb92f7244c0e.jpg,CONSTRUCTION_ROAD,1920.0,1271.356,730.5277,217.0884
4.0,d25170bb98da70c02a75fb92f7244c0e.jpg,CONSTRUCTION_ROAD,1183.9998,272.53482,783.6832,186.00162
3.0,7dee6f7774207455fcd45f98650ed759.jpg,GARBAGE,1919.524,1782.5824,447.91122,313.28247
2.0,1f40c74ea64f15614324a366563d9bd7.jpg,POTHOLES,1167.0634,715.72217,946.6342,462.5345
3.0,b93b3bb4ea2ffbf9eff6bbf01240de54.jpg,GARBAGE,662.1134,489.08316,897.5197,781.3867
2.0,d7be0250b4f4a2750fac5c8c92d5bfa8.jpg,POTHOLES,868.98267,573.6513,1080.0,673.32263
4.0,05f7748046f5a6878e3057f5afdf3094.jpg,CONSTRUCTION_ROAD,1920.0,1281.7677,814.2441,287.63928
4.0,05f7748046f5a6878e3057f5afdf3094.jpg,CONSTRUCTION_ROAD,675.7216,4.420967,885.9278,222.73485
3.0,762315726b39cd560720befb5f73a559.jpg,GARBAGE,1072.0941,970.37115,679.47504,597.0699
3.0,762315726b39cd560720befb5f73a559.jpg,GARBAGE,1737.8888,1621.4923,673.02765,582.9654
4.0,ac9c1d1ed7c9d80b1a3201d6432f86ea.jpg,CONSTRUCTION_ROAD,1916.424,1631.6115,392.39044,225.13625
3.0,5ca910561b2219e0eb64772dc538d5b4.jpg,GARBAGE,421.38632,158.47247,291.20035,146.67897
3.0,5ca910561b2219e0eb64772dc538d5b4.jpg,GARBAGE,1495.6566,1299.6138,259.0976,149.88676
3.0,10560061d8b133b90a1ffceef2ba03eb.jpg,GARBAGE,1157.0978,1046.256,718.0194,629.25037
3.0,10560061d8b133b90a1ffceef2ba03eb.jpg,GARBAGE,851.78595,706.7648,728.6642,617.8202
3.0,10560061d8b133b90a1ffceef2ba03eb.jpg,GARBAGE,496.9801,386.7552,711.7331,626.78204
3.0,10560061d8b133b90a1ffceef2ba03eb.jpg,GARBAGE,1472.2965,1363.0206,713.9144,636.84924
3.0,1c4db38d385ad7b280d1523c7e09d2c9.jpg,GARBAGE,1919.0663,1833.7937,581.324,508.25308
2.0,148a8039db87207d07afa23badba60aa.jpg,POTHOLES,1078.5168,857.7928,923.37366,583.5626
2.0,148a8039db87207d07afa23badba60aa.jpg,POTHOLES,1017.2254,849.6641,736.09796,488.4605
2.0,933bd4ee42924ac47a00cfb96f075f91.jpg,POTHOLES,1051.0594,823.29675,860.21796,543.1508
2.0,933bd4ee42924ac47a00cfb96f075f91.jpg,POTHOLES,1486.3867,1140.6627,845.3833,555.09174
2.0,933bd4ee42924ac47a00cfb96f075f91.jpg,POTHOLES,1706.8038,1317.0159,1009.5903,692.4518
3.0,9e18ec00ab520870c2bb8d6a2906b9f8.jpg,GARBAGE,987.9253,815.56665,574.5431,454.00452
4.0,9254e2d747920d7b64ac26160aa34485.jpg,CONSTRUCTION_ROAD,858.6837,396.8333,543.38525,286.4437
4.0,9254e2d747920d7b64ac26160aa34485.jpg,CONSTRUCTION_ROAD,638.6036,10.371689,646.00885,244.36913
4.0,9254e2d747920d7b64ac26160aa34485.jpg,CONSTRUCTION_ROAD,982.85986,713.58093,466.0936,337.4892
4.0,9254e2d747920d7b64ac26160aa34485.jpg,CONSTRUCTION_ROAD,1310.127,1034.1262,453.84283,347.42056
2.0,4f144f50a09154a9b5037c3c13bf0d2b.jpg,POTHOLES,1224.5568,997.088,807.28674,543.5792
2.0,2c54c883c76394f3297fbb4e4229ebba.jpg,POTHOLES,913.35956,659.6708,847.7157,554.8388
3.0,0855c8dff9bf5f4a2714b724ee701591.jpg,GARBAGE,523.38904,331.58353,989.95776,868.2816
4.0,86ebabd53e33c59c5c820ea16b945c4e.jpg,CONSTRUCTION_ROAD,504.7404,1.4406509,647.0616,210.60434
4.0,86ebabd53e33c59c5c820ea16b945c4e.jpg,CONSTRUCTION_ROAD,787.88104,387.52698,523.70776,271.54196
4.0,86ebabd53e33c59c5c820ea16b945c4e.jpg,CONSTRUCTION_ROAD,876.84686,605.4905,464.56,306.35486
3.0,3165e26fca422f0d17070e5d008c18c1.jpg,GARBAGE,719.1048,658.8139,490.3698,443.31445
4.0,9ac79202e33c8180606d16d645866e14.jpg,CONSTRUCTION_ROAD,1911.6648,1644.0931,312.2058,149.5922
4.0,d60205fb8575f4b9ef9ff1a0f6fb005f.jpg,CONSTRUCTION_ROAD,432.19638,8.814903,579.23773,265.09305
2.0,c0ca6b67104d80f72e1f58a917586e75.jpg,POTHOLES,865.58026,541.37494,719.8421,438.6616
2.0,c0ca6b67104d80f72e1f58a917586e75.jpg,POTHOLES,754.9183,379.0753,887.8885,559.7241
3.0,a97decd805125da66be93c9fa9798c11.jpg,GARBAGE,1848.5299,1702.4945,511.15533,416.61166
3.0,a97decd805125da66be93c9fa9798c11.jpg,GARBAGE,1768.4463,1630.2075,456.08435,369.62827
2.0,215245ca355c7ba12eace982614cd9cd.jpg,POTHOLES,1068.4448,770.1501,1080.0,717.45483
2.0,215245ca355c7ba12eace982614cd9cd.jpg,POTHOLES,1049.3602,824.38513,923.73065,584.8484
4.0,91df8e57267f8953cf14bc68f15e3c64.jpg,CONSTRUCTION_ROAD,1919.746,1231.7477,871.39526,131.49734
4.0,91df8e57267f8953cf14bc68f15e3c64.jpg,CONSTRUCTION_ROAD,606.0456,6.1552277,658.4039,251.31578
3.0,125a91051f10813668230d8024142f43.jpg,GARBAGE,1055.019,942.33124,713.40533,621.68243
2.0,125a91051f10813668230d8024142f43.jpg,POTHOLES,981.80804,653.55536,1080.0,795.88025
2.0,125a91051f10813668230d8024142f43.jpg,POTHOLES,1893.5779,1397.0347,1080.0,811.87305
2.0,125a91051f10813668230d8024142f43.jpg,POTHOLES,1759.0889,1250.532,1080.0,879.7716
4.0,616b92b0ce6585b83a476994a6b7b2d1.jpg,CONSTRUCTION_ROAD,1919.4097,1259.0614,769.4427,240.36607
4.0,616b92b0ce6585b83a476994a6b7b2d1.jpg,CONSTRUCTION_ROAD,849.5409,3.0107574,735.01996,202.67932
4.0,616b92b0ce6585b83a476994a6b7b2d1.jpg,CONSTRUCTION_ROAD,1608.2484,601.7972,762.89154,214.78967
4.0,8f93ded5771ccfb2e13548e483ba0b81.jpg,CONSTRUCTION_ROAD,485.46277,3.259941,595.795,253.18764
4.0,8f93ded5771ccfb2e13548e483ba0b81.jpg,CONSTRUCTION_ROAD,878.10156,671.55493,455.21878,333.17157
3.0,86a868b35b06d80f581c7400df0c50a4.jpg,GARBAGE,944.3313,830.85516,519.94916,422.00668
3.0,86a868b35b06d80f581c7400df0c50a4.jpg,GARBAGE,1117.2435,1006.6614,518.18634,430.7798
3.0,481a302916c1db1b07fdd6034971463e.jpg,GARBAGE,1456.2582,1314.179,699.37573,621.31256
2.0,481a302916c1db1b07fdd6034971463e.jpg,POTHOLES,1183.0636,941.4439,941.17053,588.2168
4.0,36312433f6e5b26c36aedc4d08c2ff6d.jpg,CONSTRUCTION_ROAD,1198.861,969.3066,380.05576,270.20895
2.0,36312433f6e5b26c36aedc4d08c2ff6d.jpg,POTHOLES,1434.0354,1083.9059,1031.231,834.8207
2.0,f323e5e697ebb8d27172ed3569054014.jpg,POTHOLES,1471.7228,1128.0027,853.5712,597.7608
4.0,f323e5e697ebb8d27172ed3569054014.jpg,CONSTRUCTION_ROAD,871.864,598.123,502.63718,367.78934
4.0,79426e9c7d35ee4a09bf1d059f3eceef.jpg,CONSTRUCTION_ROAD,1805.5052,1471.0382,426.58685,256.97937
4.0,c0f7c6d6e8dc72bdb616a96ba1431813.jpg,CONSTRUCTION_ROAD,1893.0952,1235.5719,511.73676,129.4725
0.0,87ca156667e1255ddc51858577f9fcde.jpg,GRAFFITI,1469.856,1271.1938,644.7345,331.6969
3.0,b428f7dee7fa207cd15a00123b99f816.jpg,GARBAGE,1608.1931,1360.6392,601.8705,469.44333
4.0,49bba75961d964a80c99cb229f1232b7.jpg,CONSTRUCTION_ROAD,1919.09,1073.9664,853.82336,177.03719
3.0,d6eee792d5e1a4900bbff9f9c0692665.jpg,GARBAGE,935.6659,808.0542,564.126,483.58002
4.0,b6c51082e8fcda21221cbd628a7b2124.jpg,CONSTRUCTION_ROAD,1920.0,1245.4857,1033.9376,323.34454
4.0,77c01de98601411204637d6ca66fd968.jpg,CONSTRUCTION_ROAD,1918.5023,1441.0585,597.9763,227.56647
4.0,77c01de98601411204637d6ca66fd968.jpg,CONSTRUCTION_ROAD,1728.2524,1043.956,582.8303,253.8637
4.0,77c01de98601411204637d6ca66fd968.jpg,CONSTRUCTION_ROAD,1199.6859,438.76025,571.4829,262.99075
4.0,77c01de98601411204637d6ca66fd968.jpg,CONSTRUCTION_ROAD,1406.0786,809.31213,563.1684,270.4655
3.0,015ee63e99a9f68fa48987ddeb39760b.jpg,GARBAGE,1479.032,1335.5999,594.0498,496.5088
3.0,015ee63e99a9f68fa48987ddeb39760b.jpg,GARBAGE,1842.2384,1698.182,611.39703,506.57767
3.0,6314060b6cba662ef16ae8e2b643589a.jpg,GARBAGE,1223.4315,1005.21173,955.9941,799.26715
4.0,496358c81f44f8a15bcb3ec77e865644.jpg,CONSTRUCTION_ROAD,1912.7102,1416.8385,661.75726,410.99802
4.0,496358c81f44f8a15bcb3ec77e865644.jpg,CONSTRUCTION_ROAD,999.62756,446.66483,631.0613,420.17862
4.0,496358c81f44f8a15bcb3ec77e865644.jpg,CONSTRUCTION_ROAD,1266.2904,740.3736,637.71313,398.97144
3.0,067ceed0e568f0fec9e420fa2e3a7e56.jpg,GARBAGE,1838.2263,1733.739,570.83276,492.8799
3.0,780f33f53a1374544b47f13e6641e7db.jpg,GARBAGE,1228.2814,1137.4053,692.5611,630.5463
3.0,780f33f53a1374544b47f13e6641e7db.jpg,GARBAGE,1506.856,1423.9241,718.76184,656.3898
4.0,1c308afcb1c70727801b8fa3ec846ace.jpg,CONSTRUCTION_ROAD,268.58453,1.5484657,613.29535,430.8153
4.0,2806e5ba5a7aa0997b2acbd62db34cd6.jpg,CONSTRUCTION_ROAD,1920.0,1261.3613,714.0018,231.78987
2.0,8cad3e6ebec980da90c42a9de0a5166c.jpg,POTHOLES,972.46533,800.9078,695.67993,445.1265
2.0,4b11d1a698aad933724b08548c0f5ced.jpg,POTHOLES,1066.1487,893.459,758.97217,465.09952
2.0,4b11d1a698aad933724b08548c0f5ced.jpg,POTHOLES,1109.9734,894.3913,1080.0,688.481
2.0,4b11d1a698aad933724b08548c0f5ced.jpg,POTHOLES,1086.494,887.5049,934.0609,563.9297
3.0,c4079fdf12b5017e3dbfca3d47d85ee3.jpg,GARBAGE,610.0131,496.3096,669.24664,586.6423
3.0,c4079fdf12b5017e3dbfca3d47d85ee3.jpg,GARBAGE,303.05298,187.75856,665.5638,584.0367
3.0,c4079fdf12b5017e3dbfca3d47d85ee3.jpg,GARBAGE,1252.5022,1147.3534,670.1272,591.672
3.0,c4079fdf12b5017e3dbfca3d47d85ee3.jpg,GARBAGE,923.23193,814.94775,666.6728,587.76184
3.0,c4079fdf12b5017e3dbfca3d47d85ee3.jpg,GARBAGE,1598.9271,1459.8477,679.773,584.2244
2.0,793e253cca6a033652d3b26e517dcf2c.jpg,POTHOLES,1434.7194,1113.5863,897.2683,534.71027
2.0,793e253cca6a033652d3b26e517dcf2c.jpg,POTHOLES,1515.2402,1253.2571,1039.3894,744.12854
4.0,e1f9180591ad315c19f85ef683a9dca4.jpg,CONSTRUCTION_ROAD,1889.4309,1361.8711,599.0075,321.03995
4.0,e1f9180591ad315c19f85ef683a9dca4.jpg,CONSTRUCTION_ROAD,1640.462,1267.7697,553.1865,326.04715
4.0,ac01ad623452ae4f88ccf0a8d72eb75d.jpg,CONSTRUCTION_ROAD,1736.3925,1483.7483,445.89175,314.76257
3.0,36f8beeb819914fed4798b0f074a2064.jpg,GARBAGE,877.48395,509.97647,165.26225,33.02219
2.0,01267cf16572d5ec876f0111c5af4526.jpg,POTHOLES,857.896,439.1858,996.8998,783.95197
3.0,8f53092ef5efae8beeb1a28ff2da2384.jpg,GARBAGE,960.462,855.6945,749.8556,679.3103
4.0,cb734861a0e606e9e67913e051597576.jpg,CONSTRUCTION_ROAD,674.6857,219.42302,649.8142,390.19485
4.0,cb734861a0e606e9e67913e051597576.jpg,CONSTRUCTION_ROAD,414.90573,0.0,734.60065,327.50742
4.0,cb734861a0e606e9e67913e051597576.jpg,CONSTRUCTION_ROAD,1047.2744,674.5173,565.1298,423.70578
2.0,2d0f5771336d4998248cc162728a76ff.jpg,POTHOLES,1895.3756,1450.1781,1065.1469,678.6329
2.0,2d0f5771336d4998248cc162728a76ff.jpg,POTHOLES,1874.0035,1528.3835,780.33746,527.5527
2.0,2d0f5771336d4998248cc162728a76ff.jpg,POTHOLES,1441.2327,1157.7429,1071.6462,667.4195
3.0,0d1b0324a9f32929b59bcdda70ccc2b0.jpg,GARBAGE,1480.3683,1261.4844,521.92474,408.89496
3.0,ba1c47bae31082e4d053f2d6ec262fc5.jpg,GARBAGE,1087.0165,1022.68805,350.42578,286.82474
4.0,65fb74515ef30eb963f812041a6b84fd.jpg,CONSTRUCTION_ROAD,1920.0,1389.9507,548.2808,262.3631
4.0,65fb74515ef30eb963f812041a6b84fd.jpg,CONSTRUCTION_ROAD,1518.3772,889.7639,519.48065,252.03435
4.0,65fb74515ef30eb963f812041a6b84fd.jpg,CONSTRUCTION_ROAD,815.8295,228.5316,511.80728,234.09792
4.0,65fb74515ef30eb963f812041a6b84fd.jpg,CONSTRUCTION_ROAD,1224.1296,611.2105,499.12857,267.44467
2.0,4e327c4b788609002906df812e573588.jpg,POTHOLES,1763.373,1330.533,1069.181,750.3875
2.0,4e327c4b788609002906df812e573588.jpg,POTHOLES,1460.7109,1148.055,860.58,602.04755
3.0,b38bf01112c9813a09f35e19e620996a.jpg,GARBAGE,805.8761,742.3605,474.89194,422.0608
3.0,ee902c24786181f9bb1b0476041b379e.jpg,GARBAGE,1697.5438,1551.1821,595.988,490.41333
3.0,5f281f9bce987d6917af0c298981057f.jpg,GARBAGE,1659.1093,1505.7972,528.92236,430.31296
2.0,b74d5123a0ef9033166aef53eabce082.jpg,POTHOLES,669.9143,389.89307,1080.0,688.8716
3.0,b74d5123a0ef9033166aef53eabce082.jpg,GARBAGE,972.072,904.0044,552.5993,498.73618
0.0,e2f13b0740b3ca261819a1bc4694e5b8.jpg,GRAFFITI,1340.0337,1006.2407,438.7805,237.63022
3.0,e2f13b0740b3ca261819a1bc4694e5b8.jpg,GARBAGE,362.03946,88.543076,613.1686,456.69617
4.0,5335fcd5f2f94bd4f9593cff0da9f5b0.jpg,CONSTRUCTION_ROAD,904.32605,572.1743,498.61945,292.43646
4.0,5335fcd5f2f94bd4f9593cff0da9f5b0.jpg,CONSTRUCTION_ROAD,677.67975,236.68013,563.8583,284.57465
4.0,5335fcd5f2f94bd4f9593cff0da9f5b0.jpg,CONSTRUCTION_ROAD,469.41412,0.0,638.03906,284.93564
4.0,5335fcd5f2f94bd4f9593cff0da9f5b0.jpg,CONSTRUCTION_ROAD,978.275,785.053,457.1253,332.19098
1.0,5335fcd5f2f94bd4f9593cff0da9f5b0.jpg,FADED_SIGNAGE,600.6002,460.334,356.54214,177.1041
4.0,5335fcd5f2f94bd4f9593cff0da9f5b0.jpg,CONSTRUCTION_ROAD,848.487,379.58908,529.9311,283.0032
4.0,e2a69afd1be4b2122142d5f30149ef34.jpg,CONSTRUCTION_ROAD,1490.3533,1019.3398,656.8583,456.34592
4.0,e2a69afd1be4b2122142d5f30149ef34.jpg,CONSTRUCTION_ROAD,1718.0574,1269.1372,634.54266,489.4782
3.0,9f6dcb19f4bea85b142526c5952ece2f.jpg,GARBAGE,1536.0247,1333.4451,371.7306,264.76248
0.0,5690ef70859b1d212df43d881264ba09.jpg,GRAFFITI,1912.4077,1528.9625,485.39246,131.6267
0.0,5690ef70859b1d212df43d881264ba09.jpg,GRAFFITI,1722.047,1282.4392,489.3674,225.43695
3.0,8213aba8ee8c7bbaae2b30b1cf6847af.jpg,GARBAGE,154.30302,23.238127,620.30054,524.48834
5.0,944aa7dd95f42a1510e67449621a39b7.jpg,BROKEN_SIGNAGE,381.81174,183.80273,636.5333,525.5603
2.0,a704475ae3b7cc292eda0e8e19d4e2f1.jpg,POTHOLES,1010.9398,738.57605,1080.0,762.3519
3.0,37e943fba7442c504de5fee180fe1711.jpg,GARBAGE,548.48004,401.107,473.74304,372.5758
3.0,c23ab2f2cf671ef44ed328bc6f4fd2c9.jpg,GARBAGE,469.07806,354.04544,686.4697,597.234
3.0,c23ab2f2cf671ef44ed328bc6f4fd2c9.jpg,GARBAGE,566.3511,456.93924,685.96185,602.5403
0.0,c23ab2f2cf671ef44ed328bc6f4fd2c9.jpg,GRAFFITI,1636.8794,1411.3004,302.48065,141.7879
3.0,c23ab2f2cf671ef44ed328bc6f4fd2c9.jpg,GARBAGE,366.20755,249.80444,687.12836,595.82196
0.0,c23ab2f2cf671ef44ed328bc6f4fd2c9.jpg,GRAFFITI,1285.8457,1096.9219,381.32648,265.7832
4.0,a35cb0606bd86246d8ad895500b91ab5.jpg,CONSTRUCTION_ROAD,1473.402,1115.1503,544.83527,320.3658
4.0,e537f7c002094c51fb50699d76090355.jpg,CONSTRUCTION_ROAD,1918.7751,1225.0753,768.7848,225.89548
4.0,e537f7c002094c51fb50699d76090355.jpg,CONSTRUCTION_ROAD,651.17865,3.7467957,697.01227,228.01746
4.0,e537f7c002094c51fb50699d76090355.jpg,CONSTRUCTION_ROAD,1451.3942,567.5752,734.80133,234.89659
4.0,e537f7c002094c51fb50699d76090355.jpg,CONSTRUCTION_ROAD,1011.30707,220.88457,702.75385,242.15282
4.0,87df0ddbd3f53f7b53ecbe00dba37938.jpg,CONSTRUCTION_ROAD,1268.3408,996.5973,500.3821,307.53278
4.0,87df0ddbd3f53f7b53ecbe00dba37938.jpg,CONSTRUCTION_ROAD,1461.2963,1061.257,578.257,277.83826
3.0,ae59f797a2f56a00d6242672829ca12f.jpg,GARBAGE,1691.67,1565.7568,769.07336,674.6352
4.0,b4d8a8d8dcbb7f9e5e837464166130f1.jpg,CONSTRUCTION_ROAD,467.2283,6.030075,595.4992,261.87454
4.0,b4d8a8d8dcbb7f9e5e837464166130f1.jpg,CONSTRUCTION_ROAD,765.9899,356.34384,509.83813,297.5236
4.0,b4d8a8d8dcbb7f9e5e837464166130f1.jpg,CONSTRUCTION_ROAD,850.01447,617.22595,461.7984,308.12512
2.0,faf0cbb28d699ce2cbe86354db46a2c4.jpg,POTHOLES,1042.7816,687.5022,988.3378,591.0907
2.0,faf0cbb28d699ce2cbe86354db46a2c4.jpg,POTHOLES,1032.6984,747.30927,843.71436,492.5659
4.0,1575e69982c92c602dc363d00620d265.jpg,CONSTRUCTION_ROAD,643.185,0.0,692.51605,306.67984
4.0,1575e69982c92c602dc363d00620d265.jpg,CONSTRUCTION_ROAD,1308.8042,666.14374,693.35693,347.4548
4.0,1575e69982c92c602dc363d00620d265.jpg,CONSTRUCTION_ROAD,916.6562,322.00473,682.7644,316.9715
3.0,fb49e0170e5c56427f5c798380df713e.jpg,GARBAGE,350.00314,248.60895,887.17755,797.8285
3.0,fb49e0170e5c56427f5c798380df713e.jpg,GARBAGE,879.8071,768.5396,901.3021,807.32654
3.0,0933cdfb4e657eb96bae48f7a5eabe16.jpg,GARBAGE,330.38565,131.40605,862.0091,738.1434
4.0,6c8545c9e2b8872810c629b48f192c1c.jpg,CONSTRUCTION_ROAD,778.5604,7.125595,768.74603,226.00531
4.0,6c8545c9e2b8872810c629b48f192c1c.jpg,CONSTRUCTION_ROAD,897.6345,510.011,571.62225,289.0712
3.0,f5e7898823eded9a9ac1b3c48f1583c0.jpg,GARBAGE,286.33212,163.66711,812.04694,718.8343
7.0,94a19597fee5243a08800b37b9207e79.jpg,BAD_BILLBOARD,1442.3616,857.38226,349.27313,218.91862
3.0,94a19597fee5243a08800b37b9207e79.jpg,GARBAGE,1751.4291,1630.8761,691.9125,608.2632
7.0,94a19597fee5243a08800b37b9207e79.jpg,BAD_BILLBOARD,1857.2278,1200.5397,362.33514,211.6203
3.0,94a19597fee5243a08800b37b9207e79.jpg,GARBAGE,1434.47,1326.2675,687.73645,617.62885
3.0,72eaa8f13393af7b013e5ca681222da2.jpg,GARBAGE,1751.0746,1526.629,880.5897,710.7178
3.0,72eaa8f13393af7b013e5ca681222da2.jpg,GARBAGE,1637.0842,1545.8999,452.30035,389.28406
4.0,2259bf329f81be702f34cd6ed8d3c690.jpg,CONSTRUCTION_ROAD,587.2845,214.5347,483.87225,341.3229
3.0,2259bf329f81be702f34cd6ed8d3c690.jpg,GARBAGE,1920.0,1786.5667,531.0533,410.58447
4.0,2259bf329f81be702f34cd6ed8d3c690.jpg,CONSTRUCTION_ROAD,730.17377,437.06927,470.68115,337.13657
4.0,2259bf329f81be702f34cd6ed8d3c690.jpg,CONSTRUCTION_ROAD,345.44702,12.811295,470.73413,349.55035
4.0,2259bf329f81be702f34cd6ed8d3c690.jpg,CONSTRUCTION_ROAD,1604.3536,1328.2914,491.66876,370.7363
4.0,2259bf329f81be702f34cd6ed8d3c690.jpg,CONSTRUCTION_ROAD,1284.061,991.7804,492.32907,353.30844
3.0,de0a4746b8b37979b79587bc112adb5a.jpg,GARBAGE,708.9276,374.74258,910.61835,728.4597
4.0,a487958bf090eff022cc293eb252c7d9.jpg,CONSTRUCTION_ROAD,1446.8849,1083.6384,513.1886,306.9194
0.0,fe96e7ed9ef749b69d0b74096011cf75.jpg,GRAFFITI,1696.9047,1140.537,500.38376,278.55844
0.0,fe96e7ed9ef749b69d0b74096011cf75.jpg,GRAFFITI,1346.1779,760.6114,491.2684,279.249
3.0,8172f71d44a5970d46672b50d00f4345.jpg,GARBAGE,81.255035,0.0,660.4138,554.3591
3.0,90918751568383ecca1663943f1aba55.jpg,GARBAGE,626.4776,486.35706,674.5761,590.9859
2.0,bec7b68d88aa4a1c89bae63552c82d2d.jpg,POTHOLES,1223.9495,918.1857,892.8207,606.31226
2.0,bec7b68d88aa4a1c89bae63552c82d2d.jpg,POTHOLES,473.14297,6.0115585,993.4404,672.4277
2.0,bec7b68d88aa4a1c89bae63552c82d2d.jpg,POTHOLES,602.2661,284.15424,821.4053,605.1218
2.0,bec7b68d88aa4a1c89bae63552c82d2d.jpg,POTHOLES,1354.1174,1026.5403,1056.0193,713.47864
3.0,bec7b68d88aa4a1c89bae63552c82d2d.jpg,GARBAGE,1363.184,1132.961,678.56635,469.6951
2.0,17e26720fd890e4ede59b784596f54e4.jpg,POTHOLES,1791.8453,1482.1981,1080.0,763.72235
3.0,8ffed9d1452ce339e73dab5cce6d5901.jpg,GARBAGE,1739.3763,1597.8175,945.16797,841.8811
2.0,9fad84a12fcea37a03e9b29a9bf415e7.jpg,POTHOLES,1446.2931,1070.3153,825.2807,527.0238
3.0,32a14344eff289e15ac802c4d45a43a8.jpg,GARBAGE,1466.1718,1377.9845,555.24945,488.1306
3.0,32a14344eff289e15ac802c4d45a43a8.jpg,GARBAGE,984.09656,895.31824,554.4281,484.41855
4.0,3fb61bbd29dbe96f17cb31f6f7bfcd66.jpg,CONSTRUCTION_ROAD,490.96298,1.8861008,548.99005,248.57552
4.0,3fb61bbd29dbe96f17cb31f6f7bfcd66.jpg,CONSTRUCTION_ROAD,1916.5386,1272.4481,560.0319,219.46706
4.0,3fb61bbd29dbe96f17cb31f6f7bfcd66.jpg,CONSTRUCTION_ROAD,1147.2451,465.89383,549.43787,269.83566
4.0,3fb61bbd29dbe96f17cb31f6f7bfcd66.jpg,CONSTRUCTION_ROAD,1577.4398,838.18726,550.699,257.33197
4.0,3fb61bbd29dbe96f17cb31f6f7bfcd66.jpg,CONSTRUCTION_ROAD,853.526,185.00317,541.57056,274.98816
4.0,d279bfb10fc775dc4bea204489933b45.jpg,CONSTRUCTION_ROAD,646.79974,363.30948,481.32178,348.53195
4.0,d279bfb10fc775dc4bea204489933b45.jpg,CONSTRUCTION_ROAD,1920.0,1426.2231,645.1963,237.7278
3.0,ffe097c41e8ecfd403bad97ec728ab4c.jpg,GARBAGE,678.3618,564.5425,460.78885,386.71152
3.0,1d95ac19b20b7cfba14fd91a2f36fb5c.jpg,GARBAGE,1873.016,1672.6118,535.33826,395.38278
3.0,9fbfd6498100151a79aedcdf7ecfc208.jpg,GARBAGE,1709.564,1604.1106,693.57227,618.1665
4.0,cb3af89f0395ef51f1beb6cbf0bdfbdf.jpg,CONSTRUCTION_ROAD,765.4084,387.17642,505.40637,328.75436
4.0,cb3af89f0395ef51f1beb6cbf0bdfbdf.jpg,CONSTRUCTION_ROAD,264.0113,0.0,589.7811,261.9918
4.0,cb3af89f0395ef51f1beb6cbf0bdfbdf.jpg,CONSTRUCTION_ROAD,579.19226,168.08704,522.5843,293.6976
2.0,ee50ecc051ce9bda0a13bc5c6167244d.jpg,POTHOLES,1229.1332,769.11096,955.173,592.2985
2.0,ee50ecc051ce9bda0a13bc5c6167244d.jpg,POTHOLES,1275.178,967.10614,1080.0,786.99536
2.0,ee50ecc051ce9bda0a13bc5c6167244d.jpg,POTHOLES,1743.8306,1370.5894,1080.0,878.10815
4.0,fbe527de78fc8da7234a3d46a18f0c2b.jpg,CONSTRUCTION_ROAD,646.02026,6.434532,789.5552,178.96156
0.0,3c2ffdc1519093c9e92d9f7517e76c6e.jpg,GRAFFITI,1117.9789,847.5427,357.0738,49.155773
2.0,3c2ffdc1519093c9e92d9f7517e76c6e.jpg,POTHOLES,209.7773,0.0,752.359,585.27246
2.0,4f2b6a9a2ae410da92a03685a5d929fa.jpg,POTHOLES,1178.166,930.85626,778.04205,519.2635
4.0,ccd46c29c0fa28359ec68b5da0ac0565.jpg,CONSTRUCTION_ROAD,1876.1583,1155.3168,580.26404,246.48935
4.0,ccd46c29c0fa28359ec68b5da0ac0565.jpg,CONSTRUCTION_ROAD,485.18704,0.7968292,568.51996,262.00708
4.0,ccd46c29c0fa28359ec68b5da0ac0565.jpg,CONSTRUCTION_ROAD,1414.3066,778.2336,564.9335,270.3002
4.0,ccd46c29c0fa28359ec68b5da0ac0565.jpg,CONSTRUCTION_ROAD,852.787,194.15611,565.5195,275.3769
4.0,ccd46c29c0fa28359ec68b5da0ac0565.jpg,CONSTRUCTION_ROAD,1919.7283,1628.3826,587.9542,221.15659
4.0,ccd46c29c0fa28359ec68b5da0ac0565.jpg,CONSTRUCTION_ROAD,1108.3375,509.54022,558.4224,284.14197
2.0,956c384eeba3ef805bc3cfaba041223d.jpg,POTHOLES,1209.9053,937.4674,766.63904,554.2177
2.0,956c384eeba3ef805bc3cfaba041223d.jpg,POTHOLES,1454.8033,1174.3146,709.8947,545.0592
2.0,956c384eeba3ef805bc3cfaba041223d.jpg,POTHOLES,846.69965,622.70526,730.5998,495.98148
2.0,956c384eeba3ef805bc3cfaba041223d.jpg,POTHOLES,1093.0269,886.41034,658.1975,501.68988
4.0,0f4b44945ac3d3073851588f9049a800.jpg,CONSTRUCTION_ROAD,1496.2965,1145.2378,517.74664,327.64563
4.0,0f4b44945ac3d3073851588f9049a800.jpg,CONSTRUCTION_ROAD,1630.2361,1329.2399,528.9201,325.18625
3.0,0f4b44945ac3d3073851588f9049a800.jpg,GARBAGE,524.39984,411.97293,939.99396,850.62494
4.0,0f4b44945ac3d3073851588f9049a800.jpg,CONSTRUCTION_ROAD,425.00742,0.0,1035.9532,289.61285
2.0,dc45294d21db34ea7e318370965308dc.jpg,POTHOLES,1158.511,868.9889,621.3337,442.72833
2.0,dc45294d21db34ea7e318370965308dc.jpg,POTHOLES,1357.3397,1013.3833,588.31555,404.74393
5.0,dc45294d21db34ea7e318370965308dc.jpg,BROKEN_SIGNAGE,1009.8651,842.8914,414.3305,110.672104
3.0,0effc8108d77af7ed5872cd016ce7efa.jpg,GARBAGE,1175.4056,1066.1544,694.4156,608.1351
3.0,1c7aa14f96507e94254a28ea4e1ee455.jpg,GARBAGE,319.86652,202.07996,558.3662,479.30716
0.0,cf656e2ed91bf013f2a7d4565d2f68ae.jpg,GRAFFITI,1920.0,1299.0591,602.23065,118.47608
0.0,cf656e2ed91bf013f2a7d4565d2f68ae.jpg,GRAFFITI,1317.002,642.91406,561.99255,155.80147
3.0,cf656e2ed91bf013f2a7d4565d2f68ae.jpg,GARBAGE,882.4133,742.40436,959.70087,852.8638
0.0,cf656e2ed91bf013f2a7d4565d2f68ae.jpg,GRAFFITI,1038.953,405.3511,542.2891,171.48436
3.0,12a2ffd36db0cb4fffac261c6a39e356.jpg,GARBAGE,1094.1239,992.35223,677.28955,609.986
3.0,12a2ffd36db0cb4fffac261c6a39e356.jpg,GARBAGE,793.24005,686.31195,687.33936,610.4268
3.0,aca9adc33949cb8b223380cce6bb4395.jpg,GARBAGE,845.04254,727.1444,938.1153,867.6741
2.0,410d2f52272bd6dff5f834c162f03393.jpg,POTHOLES,660.7795,437.43182,806.0045,596.35406
3.0,aae5b735308736e43f7fa3f8f2145671.jpg,GARBAGE,1655.7352,1570.6022,821.6688,755.26215
3.0,aae5b735308736e43f7fa3f8f2145671.jpg,GARBAGE,1755.4578,1671.2197,821.22546,759.4219
0.0,ba9239de1765a856152c50f79504f9dd.jpg,GRAFFITI,417.61087,2.9285889,574.255,13.740967
2.0,d3842adfda2cefd5e3cdb588fc7d52b7.jpg,POTHOLES,1681.6501,1347.4354,962.641,635.6355
3.0,d3842adfda2cefd5e3cdb588fc7d52b7.jpg,GARBAGE,376.7906,126.91672,405.8954,274.2874
3.0,f8632731a762fcd1f8f55c13c229d488.jpg,GARBAGE,151.84137,1.8083782,955.7419,802.511
4.0,224c0ba1ef8f4cc8966c7800951bb129.jpg,CONSTRUCTION_ROAD,672.6425,420.1539,565.35785,404.28876
3.0,3403ec3125fd76b911e88ada121e366a.jpg,GARBAGE,1429.1025,1340.4005,508.46844,435.03958
4.0,f70d5afd075ae949b5d8acb6ca08edbb.jpg,CONSTRUCTION_ROAD,1920.0,1474.2916,641.3068,265.80972
3.0,dd355867879ffe8f2fe4b4c58efc0056.jpg,GARBAGE,1387.4313,1271.9155,512.2752,428.82407
4.0,9e50d9b415d0824919acc25dac9aee9d.jpg,CONSTRUCTION_ROAD,666.82587,2.0145264,778.3069,159.2721
4.0,9e50d9b415d0824919acc25dac9aee9d.jpg,CONSTRUCTION_ROAD,884.46515,356.18167,577.8593,272.13483
4.0,2bce4e693d2527fcc42af822b6f666ee.jpg,CONSTRUCTION_ROAD,1915.035,1674.248,644.31104,484.02594
4.0,2bce4e693d2527fcc42af822b6f666ee.jpg,CONSTRUCTION_ROAD,1755.3618,1474.9983,633.58636,481.7775
0.0,7d2fda3f5192c7924c3ad2cc36841090.jpg,GRAFFITI,1670.7156,1401.9655,384.91766,230.9193
2.0,7d2fda3f5192c7924c3ad2cc36841090.jpg,POTHOLES,216.55399,0.0,994.88617,563.9709
2.0,7d2fda3f5192c7924c3ad2cc36841090.jpg,POTHOLES,844.83954,619.99713,826.0756,591.39166
4.0,55eda032298d933144f258d2cd9b6ec5.jpg,CONSTRUCTION_ROAD,845.4399,611.19,471.14905,297.29443
4.0,55eda032298d933144f258d2cd9b6ec5.jpg,CONSTRUCTION_ROAD,811.79095,378.8334,528.69324,258.0957
0.0,39481e7e80ede09b0e7abe8683a3c9e6.jpg,GRAFFITI,1913.1779,1516.7516,506.9083,0.0
4.0,1b755e257098992054567c650cb34b81.jpg,CONSTRUCTION_ROAD,507.8932,1.4266663,572.7105,246.09453
4.0,1b755e257098992054567c650cb34b81.jpg,CONSTRUCTION_ROAD,1920.0,1458.5925,650.63617,279.91287
4.0,1b755e257098992054567c650cb34b81.jpg,CONSTRUCTION_ROAD,1756.8739,1217.9352,588.5191,287.25888
4.0,1b755e257098992054567c650cb34b81.jpg,CONSTRUCTION_ROAD,741.4761,413.18723,484.7266,300.05704
4.0,1b755e257098992054567c650cb34b81.jpg,CONSTRUCTION_ROAD,636.5693,213.8195,519.6136,266.99454
4.0,1b755e257098992054567c650cb34b81.jpg,CONSTRUCTION_ROAD,801.94434,527.7383,462.7773,321.74368
4.0,1b755e257098992054567c650cb34b81.jpg,CONSTRUCTION_ROAD,1520.8875,1018.6738,543.7357,322.8048
2.0,1b755e257098992054567c650cb34b81.jpg,POTHOLES,1270.3649,1034.5566,736.97394,519.46405
4.0,1b755e257098992054567c650cb34b81.jpg,CONSTRUCTION_ROAD,835.75385,628.3276,448.49417,340.3852
2.0,1b755e257098992054567c650cb34b81.jpg,POTHOLES,994.7327,808.4568,746.42163,517.36597
3.0,955fce92a1680c466de09bacb43f8690.jpg,GARBAGE,1597.3425,1460.2529,670.73535,564.83813
3.0,955fce92a1680c466de09bacb43f8690.jpg,GARBAGE,1327.9443,1180.8828,676.85046,565.8402
3.0,d8b3b77810f2383e1e22b8803523222e.jpg,GARBAGE,1907.9553,1747.1638,891.5798,783.482
3.0,d8b3b77810f2383e1e22b8803523222e.jpg,GARBAGE,338.01367,188.65445,644.9994,555.3807
4.0,21dc2c9b9de561ddab011cdbb48412d5.jpg,CONSTRUCTION_ROAD,1917.8593,1651.7312,452.6401,236.41965
3.0,e34849efcdea8315e076bcf5fd9b4ed5.jpg,GARBAGE,1873.7686,1663.0182,661.04626,528.60785
4.0,ba6b953922612d559f4a8d02119843e5.jpg,CONSTRUCTION_ROAD,450.97247,9.587837,614.8825,307.86465
4.0,0a584ddb325ed1ab4083d341280caaa8.jpg,CONSTRUCTION_ROAD,358.90176,0.81269073,492.3047,274.34976
4.0,0a584ddb325ed1ab4083d341280caaa8.jpg,CONSTRUCTION_ROAD,533.2039,165.61606,467.4483,287.59933
4.0,0a584ddb325ed1ab4083d341280caaa8.jpg,CONSTRUCTION_ROAD,1553.2738,984.8205,492.60526,265.78317
4.0,0a584ddb325ed1ab4083d341280caaa8.jpg,CONSTRUCTION_ROAD,1826.6965,1176.0591,528.116,255.83574
4.0,fcb310d049b4b5681b6764520c3bec5b.jpg,CONSTRUCTION_ROAD,1920.0,1098.0797,590.7386,222.73929
4.0,fcb310d049b4b5681b6764520c3bec5b.jpg,CONSTRUCTION_ROAD,1171.9484,482.00134,540.9196,214.8772
4.0,fcb310d049b4b5681b6764520c3bec5b.jpg,CONSTRUCTION_ROAD,1393.4326,785.5318,552.3953,219.74556
4.0,fcb310d049b4b5681b6764520c3bec5b.jpg,CONSTRUCTION_ROAD,1920.0,1558.7765,589.6655,262.65363
3.0,1164f60413da089fbad7666e6bb764cb.jpg,GARBAGE,399.14743,58.11849,671.37585,486.06253
3.0,88a9559cb4b0cacbb6a93b07378f4d62.jpg,GARBAGE,1095.7634,960.3573,627.94446,525.955
2.0,f2f9619a3a925c6e9708c7f7e5ae04ea.jpg,POTHOLES,1300.5363,913.0457,671.24615,427.86826
2.0,f2f9619a3a925c6e9708c7f7e5ae04ea.jpg,POTHOLES,543.1595,168.97527,533.693,340.59897
2.0,f2f9619a3a925c6e9708c7f7e5ae04ea.jpg,POTHOLES,1920.0,1460.0854,1027.9413,664.87335
2.0,f2f9619a3a925c6e9708c7f7e5ae04ea.jpg,POTHOLES,1075.5298,546.7282,843.09467,476.87164
3.0,a6dfa60947b2eb0f02331cb2e43d2f86.jpg,GARBAGE,1776.6003,1671.3224,781.5605,699.51215
3.0,a6dfa60947b2eb0f02331cb2e43d2f86.jpg,GARBAGE,1650.5006,1542.6273,775.0097,700.73846
5.0,58901f16e0f004e8c6d2f9f3d47f43c3.jpg,BROKEN_SIGNAGE,647.32196,398.91846,617.2314,374.83658
4.0,01f2b5e3bb064105b43f5e32c40870c7.jpg,CONSTRUCTION_ROAD,1780.8561,1321.2269,490.5923,139.2832
3.0,e07de2d81df5b54e282c90446a176ec7.jpg,GARBAGE,1919.8359,1784.7118,445.03052,315.93768
3.0,05d33c5af5ca0de5cdc463bd46f0d7c1.jpg,GARBAGE,1832.6958,1704.0126,707.47455,612.1727
3.0,05d33c5af5ca0de5cdc463bd46f0d7c1.jpg,GARBAGE,903.7183,800.75024,688.2298,607.8137
3.0,05d33c5af5ca0de5cdc463bd46f0d7c1.jpg,GARBAGE,1207.307,1094.6063,699.1811,608.14685
3.0,05d33c5af5ca0de5cdc463bd46f0d7c1.jpg,GARBAGE,607.4773,500.0853,686.199,600.32886
3.0,05d33c5af5ca0de5cdc463bd46f0d7c1.jpg,GARBAGE,1503.5662,1378.9939,704.02673,609.3167
3.0,05d33c5af5ca0de5cdc463bd46f0d7c1.jpg,GARBAGE,300.25992,189.43224,684.11847,598.16693
3.0,1d920bc3f201f392a8ddfa5dbefa89e8.jpg,GARBAGE,188.2604,59.013866,691.1104,595.0152
3.0,b05a43e393aa87a79b9f43fde8363b11.jpg,GARBAGE,881.0706,785.6124,545.83215,465.82205
3.0,e07ad37220b593194f1211958d043bae.jpg,GARBAGE,1920.0,1792.4517,713.1486,626.6893
3.0,ea78e8deafe60e4f618207f946b6e18e.jpg,GARBAGE,1524.1597,1394.2927,691.92365,593.3146
3.0,ea78e8deafe60e4f618207f946b6e18e.jpg,GARBAGE,1799.5052,1682.4456,691.8186,600.24445
3.0,ea78e8deafe60e4f618207f946b6e18e.jpg,GARBAGE,941.4888,825.663,683.7354,597.70306
3.0,ea78e8deafe60e4f618207f946b6e18e.jpg,GARBAGE,347.35922,215.29028,685.9547,589.99365
3.0,49483a710939d37afc304eee1aff74ed.jpg,GARBAGE,425.2482,297.4061,736.1406,637.7945
4.0,3c3980bd28f378db9613bc18ae7ee9e8.jpg,CONSTRUCTION_ROAD,790.3981,518.8167,396.83936,258.36612
3.0,6d5cb9abca91a010f1936f3be369223b.jpg,GARBAGE,1835.9382,1707.7919,683.7262,604.4445
3.0,6d5cb9abca91a010f1936f3be369223b.jpg,GARBAGE,1144.4758,1040.484,682.7727,610.0853
4.0,9f19c4afb0ba2166d23956525f2cbd0e.jpg,CONSTRUCTION_ROAD,842.3011,0.0,773.4126,180.24962
4.0,9f19c4afb0ba2166d23956525f2cbd0e.jpg,CONSTRUCTION_ROAD,1920.0,1405.055,817.4634,181.72412
4.0,c8f938cf5313ac68679508ae27889b80.jpg,CONSTRUCTION_ROAD,1920.0,1297.0247,717.7128,207.48102
4.0,c8f938cf5313ac68679508ae27889b80.jpg,CONSTRUCTION_ROAD,1198.2543,414.49026,618.4955,241.90306
4.0,a7e9450f7ca01da6619e3785b8144089.jpg,CONSTRUCTION_ROAD,508.6573,3.2207336,562.4758,237.56197
4.0,a7e9450f7ca01da6619e3785b8144089.jpg,CONSTRUCTION_ROAD,1920.0,1221.5789,748.0225,182.06815
3.0,dde023009163eb74433816458f79e6d5.jpg,GARBAGE,1123.7743,1006.7104,875.5705,773.2951
3.0,dde023009163eb74433816458f79e6d5.jpg,GARBAGE,1565.9912,1468.4838,850.1107,776.7737
2.0,cf248e56b24eee268a185eaf843c698c.jpg,POTHOLES,639.29095,363.42538,756.0434,599.79987
3.0,a1030fd001ad3e7f1c4bf7e6ebd78a9b.jpg,GARBAGE,1920.0,1493.1877,857.8634,564.6484
3.0,cbc2a4b62c01e708c0224e393dfc6223.jpg,GARBAGE,1741.3423,1497.2173,576.2986,478.94186
3.0,a4ed70c8bd113ba593388308c445eb51.jpg,GARBAGE,310.53653,148.9289,744.09265,660.41736
3.0,a4ed70c8bd113ba593388308c445eb51.jpg,GARBAGE,1918.7758,1447.7025,1017.2115,766.5983
4.0,972db17ec3df00e12f717fc0e5b24a4e.jpg,CONSTRUCTION_ROAD,773.5617,38.898445,694.7729,150.96906
3.0,a7c6033b5590d7038f95f2ac3359715e.jpg,GARBAGE,1691.6119,1529.3174,898.24493,775.8142
4.0,7d3a78fe8701d1390b2bbe60f4b9d4c5.jpg,CONSTRUCTION_ROAD,1527.1465,1224.5247,583.21747,399.44305
4.0,a837318d2dee23ee441c9cf7687bc649.jpg,CONSTRUCTION_ROAD,424.97552,2.6390076,596.39575,250.04443
7.0,a837318d2dee23ee441c9cf7687bc649.jpg,BAD_BILLBOARD,1917.1176,1399.7084,382.4544,108.02513
4.0,a837318d2dee23ee441c9cf7687bc649.jpg,CONSTRUCTION_ROAD,823.8714,591.88196,456.37335,302.4526
4.0,a837318d2dee23ee441c9cf7687bc649.jpg,CONSTRUCTION_ROAD,750.571,260.65503,519.10223,271.8402
2.0,4152841e1a6322755fa7852fa7dcc6a5.jpg,POTHOLES,1042.9534,849.8105,953.8339,643.4718
2.0,4152841e1a6322755fa7852fa7dcc6a5.jpg,POTHOLES,1076.2589,846.53375,1080.0,790.16565
2.0,4152841e1a6322755fa7852fa7dcc6a5.jpg,POTHOLES,824.8729,485.35632,879.6363,613.7739
4.0,4d21bcdf3014e827c9c51f7b8798b22e.jpg,CONSTRUCTION_ROAD,1920.0,1260.807,953.90955,200.1345
4.0,05edd3d39de7161ab910d85386d53c30.jpg,CONSTRUCTION_ROAD,638.22754,0.0,722.4419,230.44904
3.0,2be91de007776edc8eaf1561628032a1.jpg,GARBAGE,1340.271,1229.7817,720.1927,634.6905
3.0,2be91de007776edc8eaf1561628032a1.jpg,GARBAGE,708.6451,610.53784,692.8074,614.8976
3.0,2be91de007776edc8eaf1561628032a1.jpg,GARBAGE,120.261475,15.889933,668.9981,589.2174
3.0,2be91de007776edc8eaf1561628032a1.jpg,GARBAGE,1647.0132,1540.144,732.17725,645.2437
3.0,2be91de007776edc8eaf1561628032a1.jpg,GARBAGE,1037.8123,926.2575,701.9618,626.3427
3.0,2be91de007776edc8eaf1561628032a1.jpg,GARBAGE,390.89648,272.56238,684.2882,599.4072
3.0,2be91de007776edc8eaf1561628032a1.jpg,GARBAGE,536.01544,410.8579,692.1276,601.7942
0.0,77b9438001829e277851f2ca6782c885.jpg,GRAFFITI,1645.326,1343.508,537.5712,240.433
2.0,e40a5dfb962bda7382eddfd929562e28.jpg,POTHOLES,653.44745,277.37943,656.7489,487.84335
3.0,8f7e2a61615536f1b09d3629cd957e14.jpg,GARBAGE,930.6041,827.1501,515.6592,428.03342
2.0,bccb6f1c1feb5fd1de98cd39348ead21.jpg,POTHOLES,1113.8618,927.5938,903.9073,614.9927
2.0,bccb6f1c1feb5fd1de98cd39348ead21.jpg,POTHOLES,1257.1931,1022.13135,798.8137,658.3136
3.0,f52b409249cf7fadb18c0d048528f527.jpg,GARBAGE,367.32413,261.2107,247.26646,166.7749
4.0,f52b409249cf7fadb18c0d048528f527.jpg,CONSTRUCTION_ROAD,1173.6494,45.777008,731.5746,61.738632
4.0,9c56d9847d061b47ea0e7b66f0096cde.jpg,CONSTRUCTION_ROAD,1192.9677,825.74164,447.35147,250.70837
4.0,9c56d9847d061b47ea0e7b66f0096cde.jpg,CONSTRUCTION_ROAD,1685.2281,1298.4681,437.57172,238.98561
4.0,9c56d9847d061b47ea0e7b66f0096cde.jpg,CONSTRUCTION_ROAD,1913.0515,1639.9087,418.1006,249.49937
4.0,9c56d9847d061b47ea0e7b66f0096cde.jpg,CONSTRUCTION_ROAD,1452.5626,1089.5815,426.75378,261.0067
4.0,9c56d9847d061b47ea0e7b66f0096cde.jpg,CONSTRUCTION_ROAD,1020.77167,610.42957,451.46695,256.4047
2.0,bee6b19b70e2b4bbb031ae39eb3497d7.jpg,POTHOLES,808.431,526.36304,1080.0,796.2378
2.0,bee6b19b70e2b4bbb031ae39eb3497d7.jpg,POTHOLES,907.9755,628.00653,999.96295,673.66473
4.0,7ed7cf0221bcb0e45f5472d1c67d78d1.jpg,CONSTRUCTION_ROAD,1651.7444,1207.3821,649.91583,369.87506
3.0,397eb9f75bbbcfc21e80d1ffeceff45e.jpg,GARBAGE,1531.997,1434.0219,711.94,643.0524
3.0,397eb9f75bbbcfc21e80d1ffeceff45e.jpg,GARBAGE,1857.0048,1757.0929,717.4045,643.5502
3.0,397eb9f75bbbcfc21e80d1ffeceff45e.jpg,GARBAGE,273.6133,190.58589,695.0222,627.03
3.0,397eb9f75bbbcfc21e80d1ffeceff45e.jpg,GARBAGE,1221.7253,1128.9518,708.5818,633.71783
4.0,a9614bba06dbbb3fae5a6ef08f238f19.jpg,CONSTRUCTION_ROAD,1191.8231,911.19293,404.89694,261.49725
3.0,54ec0df4ebb186bf07961530482c91a8.jpg,GARBAGE,724.63995,498.56314,684.79456,524.11145
4.0,dc02f2ac0198a71eb80aa5b339ce9034.jpg,CONSTRUCTION_ROAD,634.4665,7.60524,573.32886,279.61395
4.0,dc02f2ac0198a71eb80aa5b339ce9034.jpg,CONSTRUCTION_ROAD,1622.3511,1007.36505,574.33386,247.80785
4.0,e219f28ed91a7de4edecc60ccdb9d8bb.jpg,CONSTRUCTION_ROAD,1917.2413,1272.5563,715.95667,213.65315
4.0,e219f28ed91a7de4edecc60ccdb9d8bb.jpg,CONSTRUCTION_ROAD,1255.6649,794.7625,469.07166,259.3854
4.0,e219f28ed91a7de4edecc60ccdb9d8bb.jpg,CONSTRUCTION_ROAD,508.9708,7.1163483,494.40567,247.54555
4.0,e219f28ed91a7de4edecc60ccdb9d8bb.jpg,CONSTRUCTION_ROAD,1537.3086,1037.4432,475.1622,268.74887
3.0,c51696707c05f2a93b7dcdddf4e0cd67.jpg,GARBAGE,79.047035,0.0,616.56964,530.92535
4.0,c59e81a5924d1bd3e00334700ec81bb5.jpg,CONSTRUCTION_ROAD,1916.1963,1301.3138,573.03906,267.61713
4.0,c59e81a5924d1bd3e00334700ec81bb5.jpg,CONSTRUCTION_ROAD,464.89227,2.70195,574.412,295.9617
4.0,c59e81a5924d1bd3e00334700ec81bb5.jpg,CONSTRUCTION_ROAD,1640.8883,971.37286,572.37354,272.81784
4.0,c59e81a5924d1bd3e00334700ec81bb5.jpg,CONSTRUCTION_ROAD,1339.7036,664.8206,562.9829,289.49643
4.0,6d78af4314b37e83d002af4fe9ef3f2f.jpg,CONSTRUCTION_ROAD,441.57413,5.066986,610.8223,449.06937
5.0,dc884233508a0b092dae11a75b9f68a8.jpg,BROKEN_SIGNAGE,1444.92,1317.3672,390.17386,256.69855
1.0,dc884233508a0b092dae11a75b9f68a8.jpg,FADED_SIGNAGE,1446.7863,1322.9684,398.88486,249.6543
3.0,f478d4cc365c95a2fd8ea80047170f15.jpg,GARBAGE,1084.7705,949.9177,676.893,574.2926
3.0,da46844265b2f9a74317f07dceb34d8d.jpg,GARBAGE,733.9126,600.16846,723.9443,632.8157
3.0,da46844265b2f9a74317f07dceb34d8d.jpg,GARBAGE,566.69183,432.6796,721.6051,631.7384
3.0,da46844265b2f9a74317f07dceb34d8d.jpg,GARBAGE,1705.255,1577.6027,723.52844,629.967
3.0,da46844265b2f9a74317f07dceb34d8d.jpg,GARBAGE,1917.4501,1796.3145,727.73975,619.2461
3.0,da46844265b2f9a74317f07dceb34d8d.jpg,GARBAGE,1188.8306,1067.8322,723.5931,639.13824
3.0,0ab8f4c4a3de27c56737833a7a27346c.jpg,GARBAGE,1890.7987,1812.8654,641.27856,579.12305
4.0,66848d6374bc8c801c4d2dd3da1e0ba0.jpg,CONSTRUCTION_ROAD,467.88815,0.96784973,610.6782,400.2162
3.0,47acd79383bb3b384c6eadc161fed4d7.jpg,GARBAGE,1514.3223,1308.8314,422.06406,332.2978
4.0,beafbd07c60784766b4281d538638976.jpg,CONSTRUCTION_ROAD,494.08667,0.9845581,687.3188,153.7242
4.0,beafbd07c60784766b4281d538638976.jpg,CONSTRUCTION_ROAD,741.9764,336.74557,551.6775,263.03076
4.0,777de287e78909f828f0ecdf10845fdd.jpg,CONSTRUCTION_ROAD,949.6936,671.84424,510.79462,316.7538
2.0,679acb6a89b83be0ca04f74a96d25738.jpg,POTHOLES,1198.3031,885.23676,749.5457,450.98694
3.0,1d4c428a15d9f128095dca97460c63bd.jpg,GARBAGE,289.1568,157.52837,586.7538,501.50583
4.0,0c36c2e1f46f11c5d5bd490ec73b4632.jpg,CONSTRUCTION_ROAD,1917.8866,1448.3975,633.6147,328.77902
3.0,0c36c2e1f46f11c5d5bd490ec73b4632.jpg,GARBAGE,915.2161,784.9144,532.8193,424.25888
4.0,1aea650e4c165ce54c077c04d3d1bf51.jpg,CONSTRUCTION_ROAD,1518.605,935.2042,635.83215,341.4267
4.0,1aea650e4c165ce54c077c04d3d1bf51.jpg,CONSTRUCTION_ROAD,1919.7968,1327.0785,668.37714,330.35385
4.0,41d30f0788ae446d77c4afc3d54ce7bc.jpg,CONSTRUCTION_ROAD,1920.0,1236.2828,709.18384,225.15308
3.0,8490fce8846ed511909d0d03edf82974.jpg,GARBAGE,592.06744,492.99493,677.11066,601.3089
3.0,8490fce8846ed511909d0d03edf82974.jpg,GARBAGE,1741.2632,1645.8114,663.29395,591.8919
3.0,8490fce8846ed511909d0d03edf82974.jpg,GARBAGE,1094.1635,987.4005,702.0571,627.79877
3.0,8490fce8846ed511909d0d03edf82974.jpg,GARBAGE,890.4689,791.7571,673.14966,596.1286
3.0,112163fa3fc4b9a69adf807c252535c4.jpg,GARBAGE,76.6179,0.0,615.3975,530.2719
3.0,de784c3cafba2924890093dbd4267f9c.jpg,GARBAGE,176.55553,16.832502,859.9333,742.15106
3.0,c5c7c6650ee744ea414a481456bf4e94.jpg,GARBAGE,1472.6176,1336.672,1056.4498,953.5067
4.0,f8f3c4ce5e23d368822799e2fa12ca1f.jpg,CONSTRUCTION_ROAD,707.9735,324.9814,543.01044,267.4046
4.0,f8f3c4ce5e23d368822799e2fa12ca1f.jpg,CONSTRUCTION_ROAD,792.6739,507.7122,494.02917,289.89587
4.0,17498f8e4591a6004cdafd1abb05640e.jpg,CONSTRUCTION_ROAD,999.7284,773.17584,454.9759,334.64914
4.0,3b18edc84a69785a65a87f9cf4683d76.jpg,CONSTRUCTION_ROAD,622.78906,6.2086945,704.47577,210.17107
4.0,3b18edc84a69785a65a87f9cf4683d76.jpg,CONSTRUCTION_ROAD,838.502,456.1832,559.33234,294.02463
4.0,3b18edc84a69785a65a87f9cf4683d76.jpg,CONSTRUCTION_ROAD,322.72504,0.53518295,827.2063,150.03607
4.0,3b18edc84a69785a65a87f9cf4683d76.jpg,CONSTRUCTION_ROAD,926.28357,745.7697,460.29877,342.28333
3.0,2d1f753074f8b0378718e62382baa68d.jpg,GARBAGE,1278.4017,1169.4124,693.9838,611.0126
4.0,5368dc4b6c2d63025eeaa2e1988c1ac3.jpg,CONSTRUCTION_ROAD,436.70682,0.0,702.60596,166.16388
4.0,5368dc4b6c2d63025eeaa2e1988c1ac3.jpg,CONSTRUCTION_ROAD,1920.0,1280.5176,618.97064,246.96767
4.0,5368dc4b6c2d63025eeaa2e1988c1ac3.jpg,CONSTRUCTION_ROAD,670.9808,177.89946,576.23566,259.34494
4.0,5368dc4b6c2d63025eeaa2e1988c1ac3.jpg,CONSTRUCTION_ROAD,1404.8378,923.17883,531.9757,298.1979
4.0,5368dc4b6c2d63025eeaa2e1988c1ac3.jpg,CONSTRUCTION_ROAD,1624.9978,1104.5471,555.62994,277.58057
4.0,5368dc4b6c2d63025eeaa2e1988c1ac3.jpg,CONSTRUCTION_ROAD,776.5513,394.77502,512.4414,283.92178
0.0,2f233b0f2f99aa1b767c87faae1bad5c.jpg,GRAFFITI,880.6441,198.3529,519.5144,234.3533
0.0,2f233b0f2f99aa1b767c87faae1bad5c.jpg,GRAFFITI,1920.0,1612.7404,671.58685,360.51794
4.0,7162a9b352fc3320f075f74d893b4b1c.jpg,CONSTRUCTION_ROAD,1920.0,1266.4153,872.61365,235.12569
4.0,7162a9b352fc3320f075f74d893b4b1c.jpg,CONSTRUCTION_ROAD,826.62067,2.7716675,815.896,121.458435
4.0,26452c171f4ccff37d07bf3269e347a8.jpg,CONSTRUCTION_ROAD,643.3486,289.1764,325.46414,125.36522
4.0,51e8cbdf73d9020fc8abdc6ca700f913.jpg,CONSTRUCTION_ROAD,505.2289,0.98815155,683.30945,167.48222
4.0,51e8cbdf73d9020fc8abdc6ca700f913.jpg,CONSTRUCTION_ROAD,1920.0,1258.5692,784.5726,186.943
4.0,51e8cbdf73d9020fc8abdc6ca700f913.jpg,CONSTRUCTION_ROAD,1146.3765,287.60233,717.4798,192.29326
3.0,1764c097eee5e13169b53eb00b886199.jpg,GARBAGE,1718.6324,1607.8481,611.6767,520.3253
4.0,546f362d9961b5c625d371a58da6b962.jpg,CONSTRUCTION_ROAD,1913.5283,1626.1707,413.35513,256.38693
4.0,546f362d9961b5c625d371a58da6b962.jpg,CONSTRUCTION_ROAD,1742.2255,1435.1213,413.0542,257.21814
4.0,546f362d9961b5c625d371a58da6b962.jpg,CONSTRUCTION_ROAD,1388.4495,999.8914,429.7503,249.57266
4.0,546f362d9961b5c625d371a58da6b962.jpg,CONSTRUCTION_ROAD,1182.239,789.6464,439.1802,240.8714
2.0,1892d1a3592b9e296d53ab9d5c6ce3c4.jpg,POTHOLES,1729.1902,1348.7073,1080.0,774.44275
4.0,c0e5faaaeb4e2b975e6e11f6dd17f826.jpg,CONSTRUCTION_ROAD,1604.9103,1189.8662,611.07697,483.852
5.0,6e75b19a0de8f82f3f4ed145f18b519e.jpg,BROKEN_SIGNAGE,322.4728,163.68713,782.30096,649.024
3.0,87cf9231da9283756e2b486749866fe7.jpg,GARBAGE,1886.1659,1726.2749,606.27875,515.4588
4.0,758e9f1cc7aa08b5027e5614029da39f.jpg,CONSTRUCTION_ROAD,1917.2212,1239.0077,865.04517,164.00021
4.0,758e9f1cc7aa08b5027e5614029da39f.jpg,CONSTRUCTION_ROAD,729.9902,137.9528,517.2007,328.63943
4.0,758e9f1cc7aa08b5027e5614029da39f.jpg,CONSTRUCTION_ROAD,490.1815,4.4276505,548.7353,306.4789
4.0,758e9f1cc7aa08b5027e5614029da39f.jpg,CONSTRUCTION_ROAD,1557.8763,1043.3344,617.55615,259.7298
3.0,583dd42b922542f8473f2fdba3aa410f.jpg,GARBAGE,1640.6719,1535.8909,824.8354,744.5623
3.0,583dd42b922542f8473f2fdba3aa410f.jpg,GARBAGE,1298.3262,1198.4417,816.22394,738.9247
3.0,583dd42b922542f8473f2fdba3aa410f.jpg,GARBAGE,631.0781,520.34753,801.8733,720.78656
3.0,583dd42b922542f8473f2fdba3aa410f.jpg,GARBAGE,294.95816,196.4264,793.065,715.79614
3.0,ac3e1f005ee65bc368e4e082b20d135a.jpg,GARBAGE,939.3792,850.82135,502.5887,426.70926
3.0,ac3e1f005ee65bc368e4e082b20d135a.jpg,GARBAGE,1094.6293,1005.5124,503.75146,432.7329
2.0,b04df000ed7bbd3f2536f310a63477b7.jpg,POTHOLES,1032.9209,835.09796,741.18274,487.2399
2.0,12964b3a0e0008b808ab7aa9c4361b67.jpg,POTHOLES,776.9,462.78735,785.404,578.1896
2.0,12964b3a0e0008b808ab7aa9c4361b67.jpg,POTHOLES,885.0791,655.96063,662.89557,483.77713
3.0,9f7d89053ccf62f14553037fcb632a32.jpg,GARBAGE,540.48254,391.51996,536.2846,427.10214
4.0,8a0a1f781fc46c5001cbe7523c1aa5ad.jpg,CONSTRUCTION_ROAD,1501.1559,1080.345,556.52057,299.9186
4.0,8a0a1f781fc46c5001cbe7523c1aa5ad.jpg,CONSTRUCTION_ROAD,1768.6549,1244.5404,612.1359,241.79083
3.0,b8e9ac9599f09131b7229eafb7ebbdc1.jpg,GARBAGE,1834.5154,1687.1774,680.9717,569.70374
3.0,d8f6e73070a571952fc742e9a6258a34.jpg,GARBAGE,776.03046,719.3081,410.06784,361.20203
4.0,8dde142b270a6115e4b12a05d1cc5dd3.jpg,CONSTRUCTION_ROAD,278.56857,0.6792526,436.86285,189.95114
3.0,1ddbe0ad166303ee03f8dae336efe88a.jpg,GARBAGE,374.9329,217.13371,775.6972,677.53876
4.0,ea5a447135604cfe5f4fe2e90c73ff5c.jpg,CONSTRUCTION_ROAD,516.9131,242.42569,381.06375,236.26826
4.0,ea5a447135604cfe5f4fe2e90c73ff5c.jpg,CONSTRUCTION_ROAD,356.79468,75.02523,386.91983,237.79276
4.0,ea5a447135604cfe5f4fe2e90c73ff5c.jpg,CONSTRUCTION_ROAD,679.7499,395.0879,371.05118,236.89473
4.0,660da129dd9a1e3f9cc0d6f4801aac01.jpg,CONSTRUCTION_ROAD,1915.5051,1419.9877,601.92957,208.78383
4.0,660da129dd9a1e3f9cc0d6f4801aac01.jpg,CONSTRUCTION_ROAD,1701.1018,885.87604,592.24146,254.4349
4.0,660da129dd9a1e3f9cc0d6f4801aac01.jpg,CONSTRUCTION_ROAD,816.59143,7.0767975,617.6644,252.46664
4.0,660da129dd9a1e3f9cc0d6f4801aac01.jpg,CONSTRUCTION_ROAD,1253.0798,534.3796,607.63727,218.51793
3.0,1fd27ec0ffe8173115989a2668dee078.jpg,GARBAGE,1262.5265,1155.941,450.21954,361.79562
3.0,7a4eeea135f0b77eace9cd640bc94a32.jpg,GARBAGE,970.9737,622.6439,1067.9843,906.6337
4.0,4903b67c09ff6a1d4557602f22320286.jpg,CONSTRUCTION_ROAD,1917.5773,1088.0372,750.327,248.31937
4.0,4903b67c09ff6a1d4557602f22320286.jpg,CONSTRUCTION_ROAD,827.9383,0.0,842.6283,331.61026
3.0,3c28fc74a6b5aa3a93042a9720bf1e62.jpg,GARBAGE,959.1729,766.2244,817.89594,680.5711
4.0,acc690b2a158de207acc22cf8d3dd109.jpg,CONSTRUCTION_ROAD,1920.0,1406.6722,609.72205,212.98672
4.0,acc690b2a158de207acc22cf8d3dd109.jpg,CONSTRUCTION_ROAD,511.52344,0.0,642.01306,259.18076
4.0,acc690b2a158de207acc22cf8d3dd109.jpg,CONSTRUCTION_ROAD,1653.9686,924.26666,607.68756,251.30234
4.0,acc690b2a158de207acc22cf8d3dd109.jpg,CONSTRUCTION_ROAD,1262.7861,562.036,613.6935,265.82028
3.0,1804acc4117b58ac42c97749b5da4f69.jpg,GARBAGE,1050.3906,881.2504,887.0766,756.6101
3.0,1ff133066ec2cc0ad9fcd2813f9b00b5.jpg,GARBAGE,1665.7635,1538.9824,732.7026,620.95807
4.0,ca942571d785787c19c204737cff5d84.jpg,CONSTRUCTION_ROAD,1378.8119,1005.16504,545.9317,296.43933
3.0,00bce25b1d3a3422bb366a12e3e9ac6a.jpg,GARBAGE,1086.4207,936.46826,647.432,549.84796
2.0,46149b88cb82dbbd0ac07a259640ed5e.jpg,POTHOLES,919.27734,625.18555,599.8049,427.3016
3.0,af9a58175d87013ea24d6ccfc667a7a6.jpg,GARBAGE,1919.9095,1785.0436,444.5995,316.11172
4.0,996ddc7d907d061c7f683c71f59b34f9.jpg,CONSTRUCTION_ROAD,842.8925,461.74612,540.02686,270.15915
4.0,996ddc7d907d061c7f683c71f59b34f9.jpg,CONSTRUCTION_ROAD,637.54254,58.729774,663.2839,170.52806
4.0,b224e127770881f2cfcfabd231fbcfa5.jpg,CONSTRUCTION_ROAD,1915.2665,1261.3782,784.7989,257.72287
3.0,f78c973a7b2d9a7191fd4d30132877d1.jpg,GARBAGE,877.076,795.02386,759.9826,693.79
3.0,037655b9c038b0ad1d871d7b855c4c12.jpg,GARBAGE,1005.35034,903.39813,615.32404,506.53394
0.0,2437d76bea663a8361b2c3b1da2fe1bb.jpg,GRAFFITI,1919.2299,1480.0309,641.9799,352.20758
0.0,2437d76bea663a8361b2c3b1da2fe1bb.jpg,GRAFFITI,1644.3773,1356.3129,645.5726,387.11667
0.0,2437d76bea663a8361b2c3b1da2fe1bb.jpg,GRAFFITI,1472.1962,1031.8804,582.2568,371.7788
0.0,2437d76bea663a8361b2c3b1da2fe1bb.jpg,GRAFFITI,603.62335,301.64032,576.002,395.81693
2.0,bc557845d4e5f14c03b30f06302c5bac.jpg,POTHOLES,1170.7782,840.66473,1080.0,655.61017
3.0,95f665cddaff1c44880954a8ecc9f74e.jpg,GARBAGE,171.25378,34.823128,645.9445,543.8385
2.0,12262af4600e5b82b67cdfd43039550e.jpg,POTHOLES,677.1077,354.58673,1080.0,684.2299
4.0,86a9e12bd134a7cd97c0f4667926d318.jpg,CONSTRUCTION_ROAD,832.1272,6.287842,928.37427,213.03677
4.0,5ceb11c99915dce735a7c04578b8f524.jpg,CONSTRUCTION_ROAD,1073.4364,562.7144,554.9729,277.7594
4.0,5ceb11c99915dce735a7c04578b8f524.jpg,CONSTRUCTION_ROAD,1270.6929,938.8252,492.98972,344.62604
4.0,5ceb11c99915dce735a7c04578b8f524.jpg,CONSTRUCTION_ROAD,742.67474,238.64188,508.6549,286.0644
4.0,5ceb11c99915dce735a7c04578b8f524.jpg,CONSTRUCTION_ROAD,1743.7467,1141.8416,665.09265,315.78354
3.0,551871611cd92ea4915c53bdeffdfd6e.jpg,GARBAGE,684.87646,563.4908,715.70654,636.66864
4.0,464c122ff4ed5ddcfa126eee94a6127a.jpg,CONSTRUCTION_ROAD,1251.5983,960.8647,468.5868,360.9553
4.0,464c122ff4ed5ddcfa126eee94a6127a.jpg,CONSTRUCTION_ROAD,704.2738,329.60092,494.78705,360.8378
2.0,4df2da970dd8533adbe0f839db888b66.jpg,POTHOLES,1344.0431,1074.8137,959.64185,618.5821
2.0,4df2da970dd8533adbe0f839db888b66.jpg,POTHOLES,751.7994,341.81903,1080.0,778.6384
3.0,3e4e54b2321834740b348896ecc30162.jpg,GARBAGE,576.1851,467.43405,626.78467,536.2912
4.0,dd2b66369795e15dd426515282df809d.jpg,CONSTRUCTION_ROAD,463.81058,36.957733,428.3813,225.36595
4.0,dd2b66369795e15dd426515282df809d.jpg,CONSTRUCTION_ROAD,1520.9813,1034.5913,446.3463,246.07997
4.0,dd2b66369795e15dd426515282df809d.jpg,CONSTRUCTION_ROAD,1202.8733,780.13293,443.6336,238.85107
4.0,dd2b66369795e15dd426515282df809d.jpg,CONSTRUCTION_ROAD,935.54205,482.79312,434.49628,238.51859
4.0,dd2b66369795e15dd426515282df809d.jpg,CONSTRUCTION_ROAD,238.01697,2.1936035,415.36432,230.23361
4.0,dc7444ba090a1eaf36f24c19a82685d9.jpg,CONSTRUCTION_ROAD,765.95105,516.64014,486.82703,327.35178
3.0,76ae7d005988712e27d149c0dd162643.jpg,GARBAGE,194.40378,47.382683,518.3624,417.2448
3.0,76ae7d005988712e27d149c0dd162643.jpg,GARBAGE,1077.0836,945.00165,536.57965,447.8453
3.0,76ae7d005988712e27d149c0dd162643.jpg,GARBAGE,706.90125,577.4317,520.8615,436.06686
3.0,bd31f77e3d4e34576adbf63bcda21786.jpg,GARBAGE,818.8697,694.6395,747.30493,656.31104
3.0,bd31f77e3d4e34576adbf63bcda21786.jpg,GARBAGE,708.45215,603.8137,742.7806,660.03534
3.0,bd31f77e3d4e34576adbf63bcda21786.jpg,GARBAGE,191.42052,64.54512,750.20764,654.8583
3.0,bd31f77e3d4e34576adbf63bcda21786.jpg,GARBAGE,391.65146,274.074,742.7435,658.92975
3.0,bd31f77e3d4e34576adbf63bcda21786.jpg,GARBAGE,1241.0995,1105.2136,750.2265,645.5107
3.0,bd31f77e3d4e34576adbf63bcda21786.jpg,GARBAGE,612.607,481.88602,748.99133,650.76715
2.0,ec864449ea37e494d464ea78a884497d.jpg,POTHOLES,1392.9564,1113.7427,737.8484,490.13287
2.0,ec864449ea37e494d464ea78a884497d.jpg,POTHOLES,1598.6884,1296.7664,891.048,658.6397
3.0,a7a3b87b78fc39970376106e53db897f.jpg,GARBAGE,976.2567,848.2616,451.80304,348.90683
3.0,e54dd80278318da4dfeb0d81aa439fc6.jpg,GARBAGE,436.92188,331.6223,532.9482,456.75754
3.0,e54dd80278318da4dfeb0d81aa439fc6.jpg,GARBAGE,957.983,738.44666,419.8916,298.67212
2.0,532e676d07dc3ec8032dbc51b58e70d6.jpg,POTHOLES,1519.3708,1231.0844,1012.20575,671.41626
2.0,45edc468fa8da270b72c43e14cac0197.jpg,POTHOLES,1235.9899,1028.098,682.2206,515.19183
0.0,734bd8217c64094e8d70a0d19782fa3a.jpg,GRAFFITI,729.61346,515.01276,423.66412,279.35822
3.0,88622364b610cea45d5cc41631d1cf2b.jpg,GARBAGE,1758.9655,1625.7661,867.37744,779.6974
0.0,f48ae52f06f8075c628e6a438e93426f.jpg,GRAFFITI,1419.0645,789.1602,604.11,144.5159
0.0,f48ae52f06f8075c628e6a438e93426f.jpg,GRAFFITI,1086.8682,684.26245,634.10596,220.84511
3.0,261d08d41b2c88b3f89dc3ad3705797a.jpg,GARBAGE,79.279015,0.0,619.9312,532.36
3.0,94bf40c9c194853f01ec61ba2df18c5a.jpg,GARBAGE,1902.9673,1812.6095,688.2528,624.6762
2.0,333bf5251c17c3f76fc7e837477bbc8f.jpg,POTHOLES,1238.0751,1037.0743,997.23596,625.8834
4.0,a5745fa85aecf8c0e168a920c68fd1ad.jpg,CONSTRUCTION_ROAD,531.95233,2.1551514,711.49347,305.6749
4.0,a5745fa85aecf8c0e168a920c68fd1ad.jpg,CONSTRUCTION_ROAD,783.3088,314.72925,626.2388,320.5701
4.0,4b987ac4217b65af2c60cbd1744a7df1.jpg,CONSTRUCTION_ROAD,1917.148,1272.3229,609.7696,180.97357
4.0,4b987ac4217b65af2c60cbd1744a7df1.jpg,CONSTRUCTION_ROAD,670.5198,3.5930786,622.1259,221.03638
2.0,37e9a2281d704437944feafc9f7d5f12.jpg,POTHOLES,924.23334,730.6473,673.9122,440.1247
2.0,37e9a2281d704437944feafc9f7d5f12.jpg,POTHOLES,890.5271,629.3504,892.7807,543.4391
4.0,cc0a2b951712494758072ef4d67d9cbd.jpg,CONSTRUCTION_ROAD,734.5197,282.96744,613.85986,210.38815
4.0,cc0a2b951712494758072ef4d67d9cbd.jpg,CONSTRUCTION_ROAD,503.10938,0.44968414,863.41754,93.94949
4.0,cc0a2b951712494758072ef4d67d9cbd.jpg,CONSTRUCTION_ROAD,843.72626,612.8494,455.72855,317.98645
4.0,cc0a2b951712494758072ef4d67d9cbd.jpg,CONSTRUCTION_ROAD,1919.5464,1433.1201,551.1753,257.84317
4.0,cc0a2b951712494758072ef4d67d9cbd.jpg,CONSTRUCTION_ROAD,1443.3292,1024.3175,502.12363,334.22763
4.0,cc0a2b951712494758072ef4d67d9cbd.jpg,CONSTRUCTION_ROAD,1743.6311,1229.495,539.17365,295.76257
3.0,df7b0b7e7166c9c75a95f03a9ad39fd4.jpg,GARBAGE,1915.9036,1762.7084,870.91595,767.0686
3.0,df7b0b7e7166c9c75a95f03a9ad39fd4.jpg,GARBAGE,1651.1609,1538.9912,748.0175,672.54877
3.0,df7b0b7e7166c9c75a95f03a9ad39fd4.jpg,GARBAGE,1327.0461,1243.8728,607.4069,539.0399
3.0,df7b0b7e7166c9c75a95f03a9ad39fd4.jpg,GARBAGE,1281.4939,1198.2692,582.4799,519.5321
3.0,df7b0b7e7166c9c75a95f03a9ad39fd4.jpg,GARBAGE,1401.464,1311.0321,642.93677,567.9408
3.0,df7b0b7e7166c9c75a95f03a9ad39fd4.jpg,GARBAGE,1495.3385,1399.7103,678.8501,610.80707
4.0,48b81c53c794b56d7754e76327364453.jpg,CONSTRUCTION_ROAD,723.4367,422.84848,480.2268,351.6863
4.0,48b81c53c794b56d7754e76327364453.jpg,CONSTRUCTION_ROAD,819.048,573.2882,470.52304,353.2591
3.0,48b81c53c794b56d7754e76327364453.jpg,GARBAGE,359.49094,257.383,655.6446,583.0882
4.0,48b81c53c794b56d7754e76327364453.jpg,CONSTRUCTION_ROAD,312.00333,0.34617233,570.30695,290.87622
2.0,6c0378f4b1e32b24e54104097c7e620a.jpg,POTHOLES,895.62915,548.0753,861.4605,582.9485
4.0,5cd3d8da828117dc2e321933099bfeeb.jpg,CONSTRUCTION_ROAD,651.2218,3.6990738,758.82935,80.247345
2.0,012b49cf858552511458c440199ed082.jpg,POTHOLES,506.55206,298.55908,452.4931,202.11241
4.0,79edaf5b0cd4df315b498409cb8a2132.jpg,CONSTRUCTION_ROAD,643.6985,1.9123077,575.38245,291.82635
4.0,79edaf5b0cd4df315b498409cb8a2132.jpg,CONSTRUCTION_ROAD,1916.0348,1311.0459,571.7497,278.58365
4.0,79edaf5b0cd4df315b498409cb8a2132.jpg,CONSTRUCTION_ROAD,1250.2635,545.81274,573.60187,285.0015
4.0,79edaf5b0cd4df315b498409cb8a2132.jpg,CONSTRUCTION_ROAD,1615.5382,984.7914,563.30536,291.209
4.0,3eabcefb03560f361cc8a9da3634c970.jpg,CONSTRUCTION_ROAD,835.8489,200.28918,609.1793,227.92941
4.0,3eabcefb03560f361cc8a9da3634c970.jpg,CONSTRUCTION_ROAD,469.01715,0.0,583.78613,313.49875
3.0,afa16b8584f23b5875d0b74a5cbd3fa4.jpg,GARBAGE,1081.5952,960.44714,688.5999,599.3369
3.0,afa16b8584f23b5875d0b74a5cbd3fa4.jpg,GARBAGE,752.43933,642.6416,690.23785,600.17395
3.0,aea3448c3c4ef8addd6d73861cc70adb.jpg,GARBAGE,892.34564,806.18335,506.72745,430.63852
3.0,c31b5b9130ad2ecdfd2bf6719447364b.jpg,GARBAGE,517.63513,405.82736,717.2305,641.57666
3.0,c31b5b9130ad2ecdfd2bf6719447364b.jpg,GARBAGE,250.60196,116.38845,723.1265,633.4544
3.0,c31b5b9130ad2ecdfd2bf6719447364b.jpg,GARBAGE,639.1328,535.9908,719.6087,641.1915
2.0,c31b5b9130ad2ecdfd2bf6719447364b.jpg,POTHOLES,1133.5127,857.2317,1038.2708,581.2176
2.0,c31b5b9130ad2ecdfd2bf6719447364b.jpg,POTHOLES,961.92267,669.86176,1010.38794,590.87244
3.0,a608294e59a98ddb94f20d3ba526d0fb.jpg,GARBAGE,1699.2711,1585.4971,695.9249,606.0807
3.0,a608294e59a98ddb94f20d3ba526d0fb.jpg,GARBAGE,1586.1705,1481.3342,686.9804,607.7426
3.0,16cafbdc9edfa45a7688e1be2c49f36a.jpg,GARBAGE,469.50305,365.8409,860.6008,776.86633
3.0,16cafbdc9edfa45a7688e1be2c49f36a.jpg,GARBAGE,264.95334,150.09227,862.07446,772.9596
2.0,db9c0024c55e91b2e1edc6b34644bd27.jpg,POTHOLES,1303.248,991.40063,645.1002,464.01993
3.0,e68fd41c55d0bc06374443e326654925.jpg,GARBAGE,1807.2206,1644.6929,775.08295,659.04156
3.0,e68fd41c55d0bc06374443e326654925.jpg,GARBAGE,1726.3766,1476.3973,735.17914,583.574
3.0,e65982f1b170f62f98b27fe8cdf1e024.jpg,GARBAGE,998.2837,904.46686,453.39233,381.07428
3.0,e65982f1b170f62f98b27fe8cdf1e024.jpg,GARBAGE,759.40125,693.7498,415.212,361.22446
3.0,7480ce716e5dce7f81e287f71d408d63.jpg,GARBAGE,1722.4955,1554.6914,831.05206,718.5317
4.0,282042474a99423d65945f00f557ab0e.jpg,CONSTRUCTION_ROAD,515.981,0.0,643.6007,167.58853
4.0,282042474a99423d65945f00f557ab0e.jpg,CONSTRUCTION_ROAD,730.56165,300.11237,537.67126,253.71887
4.0,282042474a99423d65945f00f557ab0e.jpg,CONSTRUCTION_ROAD,864.87836,607.3122,458.85233,322.6263
2.0,282042474a99423d65945f00f557ab0e.jpg,POTHOLES,937.15875,753.1156,750.13354,457.51395
4.0,282042474a99423d65945f00f557ab0e.jpg,CONSTRUCTION_ROAD,806.8191,492.30444,486.8512,289.5362
2.0,282042474a99423d65945f00f557ab0e.jpg,POTHOLES,956.88904,797.937,636.02106,413.73615
4.0,53459508a6f29ae530a6f4466ac83b98.jpg,CONSTRUCTION_ROAD,1920.0,1468.1719,564.9913,229.11296
4.0,53459508a6f29ae530a6f4466ac83b98.jpg,CONSTRUCTION_ROAD,1415.7476,784.90894,566.9328,287.16086
4.0,53459508a6f29ae530a6f4466ac83b98.jpg,CONSTRUCTION_ROAD,1750.1768,1076.0658,560.89325,273.81604
4.0,bc9dc7f43662a1831b0261b952625f90.jpg,CONSTRUCTION_ROAD,1920.0,1382.2522,735.96094,200.59373
4.0,bc9dc7f43662a1831b0261b952625f90.jpg,CONSTRUCTION_ROAD,1632.6266,1091.4462,597.2613,208.84781
3.0,abbb06322c318153ce42cd678e15873c.jpg,GARBAGE,1226.9531,1000.301,616.4032,392.9511
4.0,6691ba27d543ebf79fff1147a72c998d.jpg,CONSTRUCTION_ROAD,633.65344,0.0,699.46497,295.8769
4.0,6691ba27d543ebf79fff1147a72c998d.jpg,CONSTRUCTION_ROAD,1888.3357,1125.5104,674.4573,262.4759
2.0,22f44160adf8eeee3ea666ee10c2634b.jpg,POTHOLES,1039.8604,692.1993,1080.0,700.11755
4.0,2d84f0d96c27294c8529bc67e3db75f6.jpg,CONSTRUCTION_ROAD,1920.0,1264.5516,859.20746,276.75513
5.0,818c7b3c9fd610cda6d507b07f621449.jpg,BROKEN_SIGNAGE,1129.2661,968.68964,423.25104,96.35667
3.0,dbf7d937651a211428de13d440848913.jpg,GARBAGE,1916.8877,1807.7162,1023.88684,939.4481
3.0,dbf7d937651a211428de13d440848913.jpg,GARBAGE,347.03122,260.43686,866.1351,791.168
3.0,40f34446c449402c0806671313981836.jpg,GARBAGE,949.9611,846.41095,531.38306,446.04657
4.0,92244ca6bedc890411215db52f6f0a07.jpg,CONSTRUCTION_ROAD,1896.753,713.42487,1068.7251,179.48007
4.0,92d7fc644c68f6d9b40b43ba7c7341e0.jpg,CONSTRUCTION_ROAD,937.1137,730.7416,383.2514,245.4164
4.0,817dd1d4ad113a3d2f66fe648cfcd900.jpg,CONSTRUCTION_ROAD,635.4642,257.79953,449.39447,262.8186
4.0,d67fdbe62a209e3b1b59e531bdfd9150.jpg,CONSTRUCTION_ROAD,919.74207,523.25555,444.46164,249.39555
4.0,d611c4d190405755b62fa83f7506786c.jpg,CONSTRUCTION_ROAD,152.19032,0.0,485.4247,307.70526
3.0,d611c4d190405755b62fa83f7506786c.jpg,GARBAGE,1378.33,1302.0498,549.22614,484.5977
4.0,d611c4d190405755b62fa83f7506786c.jpg,CONSTRUCTION_ROAD,297.57275,41.192665,457.86945,334.84555
3.0,00df7d46d661eba176ccc167f2763585.jpg,GARBAGE,1109.2087,990.8392,695.1591,609.0086
3.0,0ec9656d431a711a03afd1c601d0fce0.jpg,GARBAGE,990.2161,699.6836,493.1988,345.75787
4.0,677229d0ba47cfa621a7f5b843b24dd6.jpg,CONSTRUCTION_ROAD,792.653,509.67612,470.74222,297.81644
2.0,677229d0ba47cfa621a7f5b843b24dd6.jpg,POTHOLES,1119.5057,945.7803,680.7407,471.74185
2.0,4a3ce218192a70f1476ebb225407867b.jpg,POTHOLES,1107.4642,904.412,681.9849,463.4393
3.0,3dc3d7bb743e354baa0dbf8460b98b56.jpg,GARBAGE,1751.646,1541.308,596.4862,481.7386
4.0,3dc3d7bb743e354baa0dbf8460b98b56.jpg,CONSTRUCTION_ROAD,1920.0,1416.0117,697.3405,65.74159
3.0,1288bb76e741271c7e89582a6b533d47.jpg,GARBAGE,1038.6698,966.7949,493.79446,421.72223
3.0,c54995944c49b9a4ebadb6b2d0453201.jpg,GARBAGE,677.86725,439.3225,610.46954,433.40262
3.0,c54995944c49b9a4ebadb6b2d0453201.jpg,GARBAGE,795.655,562.88306,700.5414,530.0947
3.0,c54995944c49b9a4ebadb6b2d0453201.jpg,GARBAGE,526.4308,368.63223,508.5057,387.69492
4.0,b2e7ad6e4ab2d5affac899d257456a23.jpg,CONSTRUCTION_ROAD,1419.1018,1016.3936,543.1462,290.0852
4.0,b2e7ad6e4ab2d5affac899d257456a23.jpg,CONSTRUCTION_ROAD,1920.0,1455.9126,693.9414,248.39961
4.0,32c0a6b51f90425e5949c4e4f4a20b63.jpg,CONSTRUCTION_ROAD,1622.4089,1207.9655,542.5998,292.4848
4.0,32c0a6b51f90425e5949c4e4f4a20b63.jpg,CONSTRUCTION_ROAD,1909.309,1451.1677,572.42194,217.40071
3.0,3df2b9655ecb6a7255ba971ec4c98ab3.jpg,GARBAGE,1599.0099,1401.2871,1033.1941,911.26013
4.0,9b126e611fc34757f48131fae424f97e.jpg,CONSTRUCTION_ROAD,1917.8134,1507.8344,608.23364,220.4442
2.0,158288f79471a58a996533d845dcd04e.jpg,POTHOLES,623.05914,132.15779,1080.0,701.04224
4.0,c1ebecf337686e74c070ef7473d9df50.jpg,CONSTRUCTION_ROAD,776.5785,397.30832,548.4265,230.3768
2.0,39acda862f5037830953db83eb0669f3.jpg,POTHOLES,1148.6432,855.08704,1019.20026,612.9696
3.0,f3021b5c8f15ae3193ab2513fad348b6.jpg,GARBAGE,1110.2513,1008.7529,511.8922,433.16583
3.0,d32274a7d624001f1b2b09a71c2d6911.jpg,GARBAGE,398.13647,97.3122,1073.8309,870.7123
4.0,e35a7030e3535d4e94a8a159e4e44529.jpg,CONSTRUCTION_ROAD,1492.6249,1041.5435,496.95377,350.9731
4.0,e35a7030e3535d4e94a8a159e4e44529.jpg,CONSTRUCTION_ROAD,1705.1826,1298.2206,515.5708,344.9654
0.0,3fae47f3d50bdba8ed3a31177a8376f4.jpg,GRAFFITI,1843.8036,1517.4862,223.64655,0.0
3.0,e99220c7c524150dd03cffcff9b6456d.jpg,GARBAGE,1744.6096,1621.2826,653.4171,556.9078
0.0,101a891fda63b45ecf019e56cb1bc465.jpg,GRAFFITI,1892.7037,1414.4713,504.89102,244.37297
0.0,101a891fda63b45ecf019e56cb1bc465.jpg,GRAFFITI,1919.6921,1671.6989,500.04065,250.80803
4.0,970ae101fc13743cd3926eaf01b72d52.jpg,CONSTRUCTION_ROAD,490.4415,4.5246277,617.50653,192.73917
4.0,970ae101fc13743cd3926eaf01b72d52.jpg,CONSTRUCTION_ROAD,738.2459,284.77972,530.8079,225.76588
4.0,430878931c7cff1d850f0c19ae614b69.jpg,CONSTRUCTION_ROAD,459.69235,3.8061218,560.2546,282.84448
4.0,430878931c7cff1d850f0c19ae614b69.jpg,CONSTRUCTION_ROAD,621.2369,204.8318,525.30505,266.0552
4.0,5800cbe2d3973bd3f2dded74363e87df.jpg,CONSTRUCTION_ROAD,1917.5297,1432.0032,697.80975,419.83084
4.0,5800cbe2d3973bd3f2dded74363e87df.jpg,CONSTRUCTION_ROAD,1426.4802,792.208,706.2776,406.69647
4.0,5800cbe2d3973bd3f2dded74363e87df.jpg,CONSTRUCTION_ROAD,1670.2963,1104.3085,704.1311,417.6311
4.0,5800cbe2d3973bd3f2dded74363e87df.jpg,CONSTRUCTION_ROAD,998.24146,443.48584,700.6895,398.1569
2.0,7ea5d1dc22463d5e6dc8b4abebdbe0dd.jpg,POTHOLES,1320.252,1026.3228,864.34735,559.97424
3.0,8e2496ef9996f4e5ba6fca41727720ce.jpg,GARBAGE,930.3551,792.66,706.59106,599.7644
3.0,8e2496ef9996f4e5ba6fca41727720ce.jpg,GARBAGE,290.08456,150.26303,681.4901,575.64514
4.0,173b0606d3085260e293deb2c130bf1d.jpg,CONSTRUCTION_ROAD,1406.6195,946.1106,624.95544,467.95416
3.0,c507ed3bf93b145b767be3b50eff996c.jpg,GARBAGE,415.8068,180.45528,402.57312,279.6912
4.0,cbc05387bb7695ba8b791dd2d476b4bf.jpg,CONSTRUCTION_ROAD,1571.7942,1229.9052,642.0846,446.89905
3.0,ca893350922b81e5af361dcfb6a2d97a.jpg,GARBAGE,1919.8177,1787.7621,444.81143,314.92676
2.0,900c79f4fcf4c289ccf827712495435c.jpg,POTHOLES,1315.1289,962.2334,930.35895,646.0897
4.0,360bb15954a8bf1c73e870a7d5551cf8.jpg,CONSTRUCTION_ROAD,746.5615,286.24646,589.97845,297.65546
4.0,360bb15954a8bf1c73e870a7d5551cf8.jpg,CONSTRUCTION_ROAD,508.8177,1.7221069,674.8816,319.36954
3.0,a9fe4831f30122e977130e6440efdf6d.jpg,GARBAGE,1043.7854,885.35394,620.495,475.91714
4.0,a9fe4831f30122e977130e6440efdf6d.jpg,CONSTRUCTION_ROAD,650.085,277.53537,347.44376,153.86092
3.0,57e536c7f217901ebe4fae3b4632c06e.jpg,GARBAGE,344.49368,222.36458,1080.0,1030.4474
4.0,6dea4393c6ffda08730ea79fa3b38c30.jpg,CONSTRUCTION_ROAD,616.16565,0.0,683.02313,352.25198
3.0,9f2288f1465649bf5f0b8bb740c37d43.jpg,GARBAGE,947.92737,820.87946,564.17706,459.07483
7.0,80e88cb4dd200f67e5d7a3101ab37197.jpg,BAD_BILLBOARD,1593.7333,1087.7915,192.95457,18.66164
3.0,3315f307559c63db6bfde1beda08245f.jpg,GARBAGE,1917.6073,1689.4033,545.32935,409.5456
3.0,3315f307559c63db6bfde1beda08245f.jpg,GARBAGE,390.56204,212.5572,555.12854,459.20502
3.0,1938d08b7993abd476e96d708cdc283f.jpg,GARBAGE,601.79816,481.4652,514.5478,419.46344
4.0,56f904f8056ee4d72a5f6bbe03ea762e.jpg,CONSTRUCTION_ROAD,464.7876,2.1287155,637.57306,174.08267
4.0,56f904f8056ee4d72a5f6bbe03ea762e.jpg,CONSTRUCTION_ROAD,718.88165,268.51492,538.5399,239.92036
4.0,56f904f8056ee4d72a5f6bbe03ea762e.jpg,CONSTRUCTION_ROAD,841.6198,572.8528,466.6119,294.18716
2.0,56f904f8056ee4d72a5f6bbe03ea762e.jpg,POTHOLES,1182.7664,951.68085,609.9329,435.90686
3.0,b25a6b70db69b0e748f61a313c7aa619.jpg,GARBAGE,775.1818,647.6057,789.1293,700.6974
3.0,95dcb220b2872dbb99cfc87c9139e066.jpg,GARBAGE,1683.3732,1546.0437,833.4051,726.0101
3.0,95dcb220b2872dbb99cfc87c9139e066.jpg,GARBAGE,623.80817,474.63574,709.71246,605.53217
4.0,b620fd769945832dae60bf288c554bef.jpg,CONSTRUCTION_ROAD,802.58264,316.86188,578.4421,236.95152
4.0,b620fd769945832dae60bf288c554bef.jpg,CONSTRUCTION_ROAD,517.3786,0.6711273,674.942,215.18785
4.0,b620fd769945832dae60bf288c554bef.jpg,CONSTRUCTION_ROAD,1555.816,1117.7524,558.99426,344.59186
4.0,b620fd769945832dae60bf288c554bef.jpg,CONSTRUCTION_ROAD,902.7217,633.5575,493.36642,306.5311
4.0,5c39e05f60377582db26fd398a0a62aa.jpg,CONSTRUCTION_ROAD,1920.0,1263.2356,597.81757,216.74265
4.0,5c39e05f60377582db26fd398a0a62aa.jpg,CONSTRUCTION_ROAD,1661.509,909.3265,585.24084,268.01166
4.0,5c39e05f60377582db26fd398a0a62aa.jpg,CONSTRUCTION_ROAD,1262.0782,545.0148,592.5348,267.6399
4.0,5c39e05f60377582db26fd398a0a62aa.jpg,CONSTRUCTION_ROAD,690.4083,4.862274,604.3985,257.15564
7.0,9a2f76fb7b40481fa2b372080ec07bfe.jpg,BAD_BILLBOARD,1914.333,1597.1932,175.32042,2.769436
4.0,6bd049fd1a433e15c3470720bafa834d.jpg,CONSTRUCTION_ROAD,478.01196,3.0950775,593.87585,260.17566
4.0,6bd049fd1a433e15c3470720bafa834d.jpg,CONSTRUCTION_ROAD,804.7231,417.44888,509.2296,335.91388
4.0,6bd049fd1a433e15c3470720bafa834d.jpg,CONSTRUCTION_ROAD,620.53326,185.32211,544.10205,301.30896
4.0,a5701108d046ef8819af0d65a4ad38bb.jpg,CONSTRUCTION_ROAD,417.674,0.49362946,595.52,221.65869
4.0,a5701108d046ef8819af0d65a4ad38bb.jpg,CONSTRUCTION_ROAD,714.0178,121.50879,548.3224,230.08429
4.0,a5701108d046ef8819af0d65a4ad38bb.jpg,CONSTRUCTION_ROAD,753.8138,391.32257,497.34604,264.20468
4.0,671994f0860f5d6a9c25b5045de753fe.jpg,CONSTRUCTION_ROAD,1107.0118,541.7373,471.7523,114.75199
4.0,671994f0860f5d6a9c25b5045de753fe.jpg,CONSTRUCTION_ROAD,1615.5027,1005.2983,488.08688,116.1412
4.0,671994f0860f5d6a9c25b5045de753fe.jpg,CONSTRUCTION_ROAD,805.52496,266.42725,424.57007,127.442535
4.0,671994f0860f5d6a9c25b5045de753fe.jpg,CONSTRUCTION_ROAD,503.65286,38.142838,399.35562,152.86563
4.0,f882018511ba4f86b095375425871ca8.jpg,CONSTRUCTION_ROAD,1484.0922,704.35565,592.4061,161.57913
2.0,57c3a9d1fe569e8b5573b554b588cafb.jpg,POTHOLES,382.6552,6.7358437,850.7141,725.75916
3.0,4362cdbc13fd3d6069ced6b56d59824e.jpg,GARBAGE,1438.7468,1298.924,787.69885,686.1927
2.0,4362cdbc13fd3d6069ced6b56d59824e.jpg,POTHOLES,1211.3016,960.42645,862.0569,539.0768
3.0,47f60808de27811b561d5f396a28f596.jpg,GARBAGE,1114.5631,1012.4222,513.2847,434.65488
3.0,47f60808de27811b561d5f396a28f596.jpg,GARBAGE,933.6629,838.30524,516.36,424.2274
4.0,0c70aa158825293871d69568ed9d5964.jpg,CONSTRUCTION_ROAD,1919.2505,1409.9119,671.09235,250.40286
4.0,0c70aa158825293871d69568ed9d5964.jpg,CONSTRUCTION_ROAD,1646.6104,754.4566,660.76544,237.36266
4.0,778747a1758123cb7036dc94635f1ccc.jpg,CONSTRUCTION_ROAD,1920.0,1456.6123,721.4954,159.447
3.0,b6f8d587ddda7a2171122779e7c9deb2.jpg,GARBAGE,1302.9857,1183.7379,734.45807,646.5099
4.0,ffbdec8087e32cf3fae7e7d00eefbae6.jpg,CONSTRUCTION_ROAD,831.08826,3.097824,726.2639,234.46802
4.0,ffbdec8087e32cf3fae7e7d00eefbae6.jpg,CONSTRUCTION_ROAD,1246.5996,366.8348,738.05695,275.46967
4.0,ffbdec8087e32cf3fae7e7d00eefbae6.jpg,CONSTRUCTION_ROAD,359.92877,0.0,711.6078,230.57913
3.0,e197a6ddd5ce43ba37c975fe66b81f34.jpg,GARBAGE,1527.0153,1399.4773,769.6102,659.9742
2.0,3006c670aac2b115bb16d9ab94b5980c.jpg,POTHOLES,1416.446,1117.8146,1080.0,768.8943
2.0,3006c670aac2b115bb16d9ab94b5980c.jpg,POTHOLES,1304.4972,1066.4656,1042.1162,599.9915
3.0,db17e6ac9dde6673144c2ee57fa8f1b2.jpg,GARBAGE,960.99316,883.0267,482.89508,422.94608
4.0,db17e6ac9dde6673144c2ee57fa8f1b2.jpg,CONSTRUCTION_ROAD,1449.583,1043.725,526.567,294.9103
4.0,f5fe0773c3c2f2114a3bd4721f83511f.jpg,CONSTRUCTION_ROAD,822.40247,545.46735,456.18622,287.9752
4.0,f5fe0773c3c2f2114a3bd4721f83511f.jpg,CONSTRUCTION_ROAD,258.30426,0.0,603.6894,236.54184
3.0,56dd6647242ffc72db349598c0ce4c39.jpg,GARBAGE,772.9334,638.86536,411.04068,322.9134
3.0,56dd6647242ffc72db349598c0ce4c39.jpg,GARBAGE,646.411,552.9548,694.0922,620.52594
2.0,56dd6647242ffc72db349598c0ce4c39.jpg,POTHOLES,414.4351,0.0,1080.0,667.9173
3.0,8f27b76d26cac95a9d9f3aba0a20a404.jpg,GARBAGE,930.01105,853.16223,493.96252,426.4042
4.0,762a7b69d647bfbba5d6ad122be6f6aa.jpg,CONSTRUCTION_ROAD,1918.736,1290.1797,587.5368,243.41571
0.0,e2c86fd75ad1765e4f5e4a82c50f6f28.jpg,GRAFFITI,1136.4039,730.2083,564.76984,301.10834
2.0,0d018b509a61b4c32ae9abe5b5bbe677.jpg,POTHOLES,914.26685,656.67847,1080.0,642.4247
2.0,0d018b509a61b4c32ae9abe5b5bbe677.jpg,POTHOLES,931.0859,742.1798,821.6582,496.50452
2.0,54492539bb5b862a20be39eeab54fdbe.jpg,POTHOLES,1453.8904,1111.3315,1058.5045,697.1001
4.0,604bcffec72c18e12c29c975d7f5779f.jpg,CONSTRUCTION_ROAD,643.3184,11.051697,576.34424,177.7768
4.0,604bcffec72c18e12c29c975d7f5779f.jpg,CONSTRUCTION_ROAD,721.54834,275.51,515.5104,257.46378
4.0,604bcffec72c18e12c29c975d7f5779f.jpg,CONSTRUCTION_ROAD,837.8616,549.5358,467.12723,303.09485
4.0,604bcffec72c18e12c29c975d7f5779f.jpg,CONSTRUCTION_ROAD,889.33325,655.69836,449.39767,317.17783
4.0,604bcffec72c18e12c29c975d7f5779f.jpg,CONSTRUCTION_ROAD,325.59494,0.0,650.4404,109.65841
3.0,604bcffec72c18e12c29c975d7f5779f.jpg,GARBAGE,1575.4625,1362.1467,1020.40894,862.45703
3.0,f87d5113a8b529e1b6b51a89290212aa.jpg,GARBAGE,857.5521,710.8731,616.89905,512.43646
4.0,26c461c5be829d4ab914d6424a2e021d.jpg,CONSTRUCTION_ROAD,1880.3547,721.3971,1080.0,202.39215
5.0,0810b0c5aa23bf0da4b282c5bf2c100c.jpg,BROKEN_SIGNAGE,795.8689,661.2298,649.98486,374.94983
3.0,e4c97ce6b7cf07586262fe6180994e64.jpg,GARBAGE,1041.033,956.9457,378.02283,315.96048
3.0,4ab6d2389e3ac7480d0693c979547e43.jpg,GARBAGE,1594.569,1449.6569,882.77545,776.15424
3.0,8b29f4a25e4ab87f3e1ee68b1c2ef7b2.jpg,GARBAGE,826.47766,677.3676,573.2961,469.16858
3.0,8b29f4a25e4ab87f3e1ee68b1c2ef7b2.jpg,GARBAGE,138.54538,26.852755,649.1129,564.2137
3.0,8b29f4a25e4ab87f3e1ee68b1c2ef7b2.jpg,GARBAGE,764.1995,652.33527,691.88214,606.5563
3.0,8b29f4a25e4ab87f3e1ee68b1c2ef7b2.jpg,GARBAGE,1703.0299,1590.7606,754.4795,667.54504
3.0,8b29f4a25e4ab87f3e1ee68b1c2ef7b2.jpg,GARBAGE,459.35205,342.38824,671.98956,587.5339
3.0,8b29f4a25e4ab87f3e1ee68b1c2ef7b2.jpg,GARBAGE,1386.2904,1286.8761,728.0246,652.90436
3.0,8b29f4a25e4ab87f3e1ee68b1c2ef7b2.jpg,GARBAGE,1069.3539,963.05005,708.9451,625.3163
4.0,519e6f8b6e54601f761506e7d16fd836.jpg,CONSTRUCTION_ROAD,1920.0,1270.3644,723.6742,270.98053
4.0,519e6f8b6e54601f761506e7d16fd836.jpg,CONSTRUCTION_ROAD,501.33353,1.1530151,710.79767,316.3388
2.0,6252616e3e7836456606217439b0a5d0.jpg,POTHOLES,1539.6562,1119.2344,1080.0,782.58185
4.0,521e7aec74d12a6f328bb8d42f59a3aa.jpg,CONSTRUCTION_ROAD,961.82043,728.9611,384.8739,235.69061
2.0,55a343a6b07e09a46f784b4f78dd0b4a.jpg,POTHOLES,1149.9393,866.23706,607.95575,383.85748
3.0,770a4ff8dbb28a6376daa753719968da.jpg,GARBAGE,908.60724,744.2029,804.1258,696.4585
2.0,8f5131b0d25935a7cdc277f46e705d40.jpg,POTHOLES,1576.603,1210.2346,1080.0,742.77655
3.0,1e1dd66e4d42bc4128153ca3d1a60193.jpg,GARBAGE,1918.185,1847.1277,520.16534,452.27856
3.0,1e1dd66e4d42bc4128153ca3d1a60193.jpg,GARBAGE,1839.8738,1719.9814,671.574,586.2842
4.0,92d4446d0abe8098a1646d99661b16db.jpg,CONSTRUCTION_ROAD,504.7119,1.3494186,578.6734,304.04782
4.0,92d4446d0abe8098a1646d99661b16db.jpg,CONSTRUCTION_ROAD,1920.0,1250.0405,901.62836,107.88757
4.0,92d4446d0abe8098a1646d99661b16db.jpg,CONSTRUCTION_ROAD,775.19934,284.50558,541.762,306.6145
4.0,92d4446d0abe8098a1646d99661b16db.jpg,CONSTRUCTION_ROAD,1034.3293,546.6109,514.0932,314.76315
3.0,e47f7540098409d35e470705bf46ca4d.jpg,GARBAGE,125.32467,0.55569077,418.2003,320.4259
3.0,be1444e112f59e92839f950a58ef87da.jpg,GARBAGE,855.0054,771.1513,530.017,461.77664
2.0,64bcc77a6d1729686ad47e15745ba2ec.jpg,POTHOLES,1390.0837,1044.9291,962.5509,585.14343
2.0,64bcc77a6d1729686ad47e15745ba2ec.jpg,POTHOLES,1296.1884,985.1838,825.00916,513.5325
4.0,d16e36fdc0f1941d930af99720e87f5c.jpg,CONSTRUCTION_ROAD,1916.4178,1631.2285,425.0238,247.69995
4.0,fdff028e257adcc4e1ac2ecda33ac5c8.jpg,CONSTRUCTION_ROAD,701.9161,404.38058,411.28537,215.79173
4.0,9e4257b1508f329cb122ac8b97b2f860.jpg,CONSTRUCTION_ROAD,469.12476,0.6262207,595.15314,247.16844
4.0,9e4257b1508f329cb122ac8b97b2f860.jpg,CONSTRUCTION_ROAD,1920.0,1216.224,821.46185,188.62541
4.0,9e4257b1508f329cb122ac8b97b2f860.jpg,CONSTRUCTION_ROAD,738.4973,406.249,489.59106,323.01306
4.0,9e4257b1508f329cb122ac8b97b2f860.jpg,CONSTRUCTION_ROAD,1294.6628,967.1291,523.89246,309.63702
4.0,9e4257b1508f329cb122ac8b97b2f860.jpg,CONSTRUCTION_ROAD,613.40625,216.40111,526.396,302.15808
4.0,a6781594f95fb8b4c0c85bc41b4449fd.jpg,CONSTRUCTION_ROAD,878.1879,579.8324,402.30518,290.4516
3.0,6670e7d02ad4963763cf140f29999745.jpg,GARBAGE,1686.6351,1590.1803,592.4853,518.7021
4.0,ff70d044ebc529c4664193f29a1981d6.jpg,CONSTRUCTION_ROAD,1631.8114,1335.6084,595.6832,443.50967
2.0,832416faf8de588857681b138874c22e.jpg,POTHOLES,657.8071,388.41617,877.5925,538.3535
2.0,c8b35138679c1040f4b043af3440767b.jpg,POTHOLES,845.87994,604.2726,986.05756,574.19604
2.0,2322caf77f7bbbd7ce16cd5218d5245c.jpg,POTHOLES,1382.4276,1030.4468,678.41125,537.9585
3.0,2cd48eae5827eff028a32b76232de057.jpg,GARBAGE,1761.7775,1637.1127,739.9043,646.849
3.0,2cd48eae5827eff028a32b76232de057.jpg,GARBAGE,1102.6847,996.6451,716.7388,637.062
3.0,2cd48eae5827eff028a32b76232de057.jpg,GARBAGE,1439.3203,1329.4929,728.59515,644.20276
3.0,2cd48eae5827eff028a32b76232de057.jpg,GARBAGE,772.322,660.5018,710.43915,623.0104
3.0,2cd48eae5827eff028a32b76232de057.jpg,GARBAGE,436.56116,336.39276,697.51666,618.151
3.0,65b1379ac4f8e05adc937a6c43f4d759.jpg,GARBAGE,121.77365,18.591425,576.957,484.33722
4.0,6a533c4ab8409efa937f661257e279f1.jpg,CONSTRUCTION_ROAD,839.704,488.56512,521.1799,305.9421
4.0,6a533c4ab8409efa937f661257e279f1.jpg,CONSTRUCTION_ROAD,604.08026,17.784393,614.8879,240.49223
3.0,93f03c3af81624c74b9c600700a81b9f.jpg,GARBAGE,1747.1672,1637.8767,970.4101,893.7464
3.0,20d9ac684bad373089b9ba23a91be30c.jpg,GARBAGE,254.04897,126.13323,448.03018,364.39465
2.0,a2f15c9214f5ada7889c481523b753e7.jpg,POTHOLES,1176.5742,808.892,1071.7992,722.9262
3.0,f877caf864ff87b43c0f2307c4e2d741.jpg,GARBAGE,282.7412,141.04384,739.1702,641.2519
3.0,a464d4600589ddf541bed59942c0228d.jpg,GARBAGE,789.1526,692.24316,539.7123,462.39847
3.0,15afe8bce6c71deed2d53f56b78b90a8.jpg,GARBAGE,1352.6987,1188.3451,871.9291,755.88525
